UDI,Product_ID,Type,Air_temperature_K,Process_temperature_K,Rotational_speed_rpm,Torque_Nm,Tool_wear_min,Machine_Failure
1,M_25795,M,299.0,310.4,1575,29.7,211,0
2,M_10860,H,300.3,309.9,1579,19.5,33,0
3,M_86820,M,300.4,310.3,1414,55.6,59,0
4,M_64886,H,300.1,310.5,1471,38.3,189,0
5,M_16265,H,300.2,310.5,1204,42.4,1,0
6,M_92386,M,298.5,311.0,1630,36.5,235,1
7,M_47194,M,301.5,310.3,1350,51.0,79,0
8,M_97498,L,301.2,309.5,1369,48.6,18,0
9,M_54131,L,297.3,309.4,1367,37.8,225,0
10,M_70263,M,299.2,308.9,1770,57.2,48,0
11,M_26023,L,300.2,310.2,1399,41.9,77,0
12,M_51090,H,298.9,311.3,1641,25.4,215,0
13,M_77221,H,301.3,309.6,1496,41.0,27,0
14,M_74820,M,299.9,310.4,1375,45.2,47,0
15,M_10769,L,300.3,309.2,1348,38.7,95,0
16,M_69735,L,299.2,310.2,1405,35.9,164,0
17,M_72955,L,296.0,311.3,1488,57.6,201,0
18,M_74925,M,295.9,310.7,1590,28.1,176,0
19,M_77969,M,301.2,308.4,1429,12.4,108,0
20,M_15311,H,300.5,310.6,1423,56.2,175,0
21,M_93104,L,300.9,310.6,1367,27.7,72,0
22,M_63707,H,300.3,310.2,1320,37.1,215,0
23,M_95305,H,300.4,310.7,1308,36.2,99,0
24,M_38693,L,301.9,309.2,1648,52.3,247,1
25,M_81932,H,300.9,310.1,1420,54.3,28,0
26,M_35658,L,302.1,311.1,1433,27.1,187,0
27,M_94478,L,300.3,311.0,1400,53.6,156,0
28,M_28431,M,299.4,310.5,1452,53.4,57,0
29,M_12747,L,300.4,309.1,1555,40.2,47,0
30,M_69150,M,298.3,309.0,1426,49.3,22,0
31,M_75725,M,299.2,310.1,1527,50.3,26,0
32,M_94654,M,300.4,310.2,1712,37.5,222,0
33,M_45773,L,300.3,309.9,1377,38.4,234,1
34,M_77435,M,299.8,309.2,1434,45.9,6,0
35,M_66886,M,297.2,310.4,1596,23.7,48,0
36,M_76803,M,301.3,310.1,1724,36.5,181,0
37,M_41551,L,301.7,310.3,1313,28.0,108,0
38,M_21394,L,303.3,310.6,1244,54.2,67,0
39,M_79092,M,300.9,309.7,1499,36.3,205,0
40,M_13890,L,300.0,309.5,1484,42.8,233,1
41,M_51606,M,298.0,311.1,1605,37.8,169,0
42,M_90038,M,303.0,309.2,1582,37.2,201,0
43,M_97313,M,300.5,309.5,1494,42.1,186,0
44,M_20627,M,300.4,311.2,1657,32.7,171,0
45,M_18792,H,299.5,309.5,1397,38.0,225,0
46,M_83969,H,299.4,309.9,1531,37.9,153,0
47,M_53001,H,301.4,309.6,1317,35.8,150,0
48,M_86552,H,298.0,308.2,1493,43.9,72,0
49,M_33897,L,303.3,309.9,1280,35.5,100,0
50,M_78148,L,302.8,309.0,1332,56.1,7,0
51,M_33483,M,299.3,310.3,1756,46.3,52,0
52,M_58555,L,298.3,311.1,1226,26.5,141,0
53,M_27159,L,296.0,307.8,1467,45.5,198,0
54,M_90077,L,297.5,309.6,1624,33.1,134,0
55,M_45920,M,301.5,310.5,1833,41.4,136,0
56,M_77121,M,300.6,307.8,1526,32.7,2,0
57,M_79479,M,301.0,311.3,1535,18.1,77,0
58,M_99475,M,296.3,310.4,1505,39.8,144,0
59,M_29457,H,299.2,311.1,1658,25.7,241,1
60,M_76557,L,302.7,309.4,1564,44.2,171,0
61,M_87189,H,299.8,309.6,1413,41.7,85,0
62,M_88953,L,297.5,309.8,1667,34.0,45,0
63,M_62995,H,299.8,312.1,1430,58.3,89,0
64,M_50757,M,298.5,311.3,1260,27.6,185,0
65,M_19692,L,300.7,310.1,1260,33.8,155,0
66,M_55758,L,300.0,310.3,1469,28.8,236,1
67,M_82409,L,301.1,310.6,1515,60.4,141,0
68,M_81211,L,297.6,312.4,1643,53.5,8,0
69,M_75697,L,299.1,310.4,1596,25.8,114,0
70,M_47065,M,302.2,310.0,1511,31.7,153,0
71,M_42606,M,297.3,309.7,1651,32.1,129,0
72,M_21534,M,298.0,310.2,1501,34.5,74,0
73,M_50397,H,300.4,309.4,1306,29.6,80,0
74,M_11016,M,300.6,310.5,1273,33.9,127,0
75,M_99789,M,299.0,308.6,1691,50.0,33,0
76,M_65591,L,299.4,309.7,1163,59.5,146,0
77,M_99812,M,301.1,310.7,1469,24.6,38,0
78,M_33247,L,301.7,310.4,1947,29.6,209,0
79,M_34300,H,297.9,309.5,1568,42.1,12,0
80,M_84065,H,300.7,309.8,1468,24.2,132,0
81,M_92798,M,303.0,311.0,1247,42.4,49,0
82,M_19268,L,299.8,308.8,1742,45.4,22,0
83,M_96807,H,297.8,308.8,1682,47.0,121,0
84,M_22185,M,297.7,309.1,1602,45.1,119,0
85,M_73704,L,299.7,310.0,1499,34.6,87,0
86,M_96779,L,302.1,308.6,1585,38.2,156,0
87,M_49099,M,299.9,311.0,1477,28.2,111,0
88,M_18571,L,300.4,309.1,1354,44.6,110,0
89,M_48044,H,298.0,310.2,1643,56.0,71,0
90,M_61214,L,302.0,309.4,1492,44.6,153,0
91,M_71228,L,297.7,309.9,1578,33.0,206,0
92,M_58984,H,299.0,308.4,1481,49.9,56,0
93,M_50774,L,301.3,311.0,1569,63.7,0,0
94,M_12568,M,295.9,309.0,1497,42.4,155,0
95,M_72592,L,300.3,308.9,1486,45.5,112,0
96,M_77563,L,297.9,312.4,1504,46.8,61,0
97,M_12695,M,300.0,310.6,1944,24.0,46,0
98,M_58190,M,299.3,311.0,1620,35.9,237,1
99,M_15258,M,304.2,310.5,1887,34.9,77,1
100,M_97538,M,299.2,309.5,1498,48.3,105,0
101,M_49504,M,303.7,308.7,1453,47.2,225,0
102,M_43159,L,301.2,309.7,1338,38.8,186,0
103,M_23986,L,298.4,309.0,1740,34.3,158,0
104,M_71858,H,300.7,309.1,1364,23.1,197,0
105,M_22666,M,299.4,308.4,1771,39.8,125,0
106,M_48660,M,300.5,310.1,1347,30.5,176,0
107,M_13561,L,298.6,311.6,1632,29.2,4,0
108,M_36854,L,303.4,310.6,1261,49.3,30,0
109,M_74505,M,301.9,309.9,1433,48.2,36,0
110,M_62251,H,300.1,310.0,1503,35.1,78,0
111,M_32662,M,303.5,307.0,1410,24.3,142,0
112,M_18392,H,300.1,309.6,1474,31.7,51,0
113,M_40535,M,302.2,308.6,1475,49.9,234,1
114,M_88603,L,300.1,310.1,1621,44.7,196,0
115,M_62256,L,300.8,309.7,1186,35.3,219,0
116,M_99135,L,299.8,309.1,1415,40.6,224,0
117,M_45222,L,300.2,310.1,1688,19.3,138,0
118,M_87373,H,300.3,310.1,1584,18.5,42,0
119,M_89575,L,298.7,311.5,1690,59.8,197,0
120,M_94651,M,299.2,310.7,1613,45.1,150,0
121,M_73335,L,299.6,310.2,1337,40.0,39,0
122,M_20965,L,300.5,309.1,1599,36.0,62,0
123,M_34538,L,299.9,308.9,1515,22.4,129,0
124,M_80592,L,302.3,310.6,1840,49.9,206,0
125,M_18110,M,301.7,309.8,1620,28.6,86,0
126,M_89309,L,299.6,310.2,1578,47.0,213,0
127,M_37266,M,302.8,311.0,1600,41.3,72,0
128,M_62992,L,303.7,308.5,1570,39.5,174,0
129,M_92948,L,295.9,311.4,1566,27.0,103,0
130,M_16910,L,301.9,311.0,1460,27.1,157,0
131,M_10206,M,298.6,307.9,1580,43.9,15,0
132,M_97054,M,301.6,312.4,1642,40.8,58,0
133,M_97897,L,302.5,310.3,1659,40.5,237,1
134,M_33419,L,298.2,309.5,1640,42.9,46,0
135,M_60636,M,296.3,310.5,1726,20.6,115,0
136,M_60015,L,301.7,309.0,1668,50.2,157,0
137,M_64268,L,300.3,310.5,1594,36.4,108,0
138,M_97939,H,296.7,309.2,1328,51.7,8,0
139,M_28141,M,305.1,312.0,1328,19.9,64,0
140,M_90356,L,301.2,310.1,1462,45.7,58,0
141,M_81910,H,301.3,310.6,1507,45.6,101,0
142,M_66044,M,302.7,309.2,1709,25.1,191,0
143,M_77214,L,298.8,310.8,1083,33.6,135,0
144,M_43827,M,300.3,310.0,1345,29.4,122,0
145,M_65820,M,297.4,308.6,1470,48.6,179,0
146,M_72623,L,298.8,309.8,1350,43.1,145,0
147,M_91734,L,300.8,311.9,1380,56.0,90,0
148,M_85450,L,296.7,310.9,1425,42.0,209,0
149,M_32299,M,298.7,309.6,1358,47.3,95,0
150,M_53585,L,298.1,308.1,1384,51.7,57,0
151,M_74044,H,300.3,309.2,1704,45.5,176,0
152,M_52557,M,301.1,308.6,1592,36.2,31,0
153,M_59080,L,301.5,308.2,1614,34.3,244,1
154,M_12693,M,302.0,310.8,1494,39.2,47,0
155,M_79163,L,302.7,310.1,1651,48.0,44,0
156,M_35939,M,301.2,311.8,1627,32.3,181,0
157,M_58925,M,303.8,309.0,1589,46.5,99,0
158,M_52941,L,300.2,310.0,1401,43.2,99,0
159,M_31834,L,299.7,308.6,1433,27.5,212,0
160,M_28047,L,301.2,309.4,1658,46.0,45,0
161,M_36105,L,299.6,309.8,1422,41.4,223,0
162,M_85766,L,303.7,309.6,1306,34.5,158,0
163,M_25707,L,302.3,310.1,1419,41.3,164,1
164,M_31976,H,301.5,311.0,1733,34.9,143,0
165,M_54262,L,300.3,310.9,1419,42.5,173,0
166,M_33776,L,299.2,309.2,1549,38.3,125,0
167,M_40080,M,301.4,310.0,1407,24.7,45,0
168,M_76842,L,297.7,310.8,1614,38.6,205,0
169,M_71373,H,303.1,311.0,1580,35.6,120,0
170,M_16776,M,299.6,309.3,1276,46.4,87,0
171,M_65016,M,300.6,310.7,1540,48.8,216,0
172,M_19474,L,298.2,310.3,1247,34.9,60,0
173,M_68053,L,301.4,308.9,1416,32.1,45,0
174,M_31959,L,299.1,310.8,1498,23.2,178,0
175,M_15530,H,301.3,310.2,1777,31.9,189,0
176,M_13748,L,301.5,308.3,1547,36.8,162,0
177,M_23545,L,298.7,309.7,1384,26.6,80,0
178,M_76199,H,297.8,310.0,1452,48.9,237,1
179,M_44766,L,303.1,309.4,1638,42.6,169,0
180,M_83530,L,299.6,311.2,1386,38.8,44,0
181,M_71087,L,300.4,311.3,1664,39.8,117,0
182,M_78840,H,301.0,309.6,1421,43.1,195,0
183,M_64384,L,297.5,309.5,1362,46.3,202,0
184,M_61005,M,300.9,309.9,1426,48.1,46,0
185,M_56576,M,300.2,309.8,1257,36.9,206,0
186,M_49353,L,298.7,309.4,1174,38.6,157,0
187,M_72003,M,297.7,306.3,1487,41.7,151,0
188,M_93211,L,301.2,311.8,1489,38.2,193,0
189,M_62733,L,302.3,310.0,1538,48.7,170,0
190,M_75318,M,300.4,309.8,1486,52.3,161,0
191,M_99474,H,297.1,310.3,1849,43.4,22,0
192,M_33664,M,297.9,309.9,1525,30.9,60,0
193,M_77172,M,299.1,309.6,1293,45.1,222,0
194,M_95616,L,303.1,309.0,1332,43.8,164,0
195,M_36736,L,299.5,308.2,1500,30.1,12,0
196,M_10854,L,299.1,308.6,1434,43.8,224,0
197,M_48623,L,296.7,308.9,1315,34.6,198,0
198,M_17392,L,298.7,310.7,1491,47.5,223,0
199,M_65680,L,297.5,310.7,1493,45.0,6,0
200,M_56717,L,298.0,309.1,1739,42.2,169,0
201,M_97092,L,300.2,307.3,1362,40.4,165,0
202,M_60859,M,299.2,310.0,1437,18.7,179,0
203,M_36309,H,303.4,309.6,1738,27.9,171,0
204,M_97455,L,302.2,309.6,1549,38.7,191,0
205,M_73734,H,298.8,311.0,1361,55.2,140,0
206,M_80467,H,298.2,310.1,1392,45.6,215,0
207,M_62662,L,302.8,309.0,1317,58.1,27,0
208,M_22688,M,303.3,308.8,1511,40.8,95,0
209,M_35342,M,295.6,309.7,1654,39.7,106,0
210,M_47157,M,300.2,309.1,1744,54.3,209,0
211,M_77863,L,299.5,309.9,1277,38.4,97,0
212,M_62083,M,301.3,311.0,1630,30.1,111,0
213,M_75733,L,303.9,308.6,1524,43.2,225,1
214,M_99045,M,299.0,310.1,1460,51.2,242,1
215,M_44698,M,295.9,310.9,1437,31.7,229,1
216,M_90623,M,301.2,309.9,1211,45.9,0,0
217,M_32671,M,302.8,310.7,1595,39.1,42,0
218,M_35184,M,299.4,309.7,1302,44.5,241,1
219,M_52107,L,298.6,310.2,1387,43.1,41,0
220,M_96202,L,299.1,310.4,1562,35.9,94,0
221,M_61663,H,301.7,309.4,1227,38.9,177,0
222,M_25708,L,299.1,312.0,1301,36.5,187,0
223,M_59811,L,300.7,310.6,1682,41.2,128,0
224,M_12811,L,300.1,311.3,1518,31.5,50,0
225,M_66250,L,299.8,311.1,1400,33.9,143,0
226,M_82082,H,301.4,310.3,1518,35.9,249,1
227,M_44754,M,299.0,311.4,1600,43.9,166,0
228,M_21411,H,299.1,310.2,1668,25.8,14,0
229,M_12911,M,301.6,309.3,1333,38.9,124,0
230,M_77270,L,298.0,310.0,1346,32.9,160,0
231,M_93763,L,298.2,309.0,1591,35.9,86,0
232,M_18680,M,297.5,307.9,1596,33.4,52,0
233,M_94896,L,301.7,309.1,1298,41.9,232,1
234,M_93879,H,299.8,310.1,1351,38.4,225,0
235,M_81295,H,297.4,311.1,1470,47.1,144,0
236,M_98614,L,301.7,309.1,1503,44.0,88,0
237,M_21111,H,298.9,311.0,1507,24.6,247,1
238,M_47504,H,298.3,308.8,1296,30.4,105,0
239,M_11802,M,299.6,309.1,1506,38.3,5,0
240,M_18155,L,303.0,311.4,1392,39.6,30,0
241,M_83656,L,299.2,310.0,1325,31.3,196,0
242,M_49384,M,301.2,309.8,1498,53.0,231,1
243,M_57254,L,301.5,310.2,1483,48.6,39,0
244,M_31918,L,300.9,308.8,1620,23.6,157,0
245,M_95981,M,302.5,309.7,1370,43.5,68,0
246,M_70713,L,298.6,310.0,1535,39.5,203,0
247,M_40306,M,297.9,311.2,1264,52.4,134,0
248,M_26646,H,297.9,308.3,1458,24.3,236,1
249,M_56843,H,299.7,311.8,1569,60.6,12,0
250,M_26371,L,298.1,309.9,1582,31.6,240,1
251,M_87371,H,300.3,308.9,1583,43.8,3,0
252,M_12049,L,300.2,308.7,1620,33.9,177,0
253,M_41616,L,302.0,310.3,1433,36.2,233,1
254,M_30932,M,300.6,308.7,1574,23.1,2,0
255,M_39855,L,299.2,309.4,1780,52.0,139,0
256,M_71434,L,300.8,309.8,1429,37.3,64,0
257,M_82694,M,297.9,311.1,1707,38.0,26,0
258,M_53016,L,299.9,311.0,1631,63.1,106,0
259,M_17400,L,300.6,309.4,1460,49.6,49,0
260,M_52642,L,300.3,309.8,1472,33.3,204,0
261,M_25151,M,300.8,308.4,1517,33.9,16,0
262,M_61407,M,298.7,308.0,1623,42.6,199,0
263,M_76690,L,302.3,308.8,1560,47.7,31,0
264,M_14499,L,303.6,311.1,1428,57.5,211,0
265,M_16295,L,296.8,310.8,1187,23.9,178,0
266,M_69040,L,297.6,310.4,1600,47.3,16,0
267,M_22183,M,300.1,308.5,1210,48.9,33,0
268,M_39299,L,299.5,309.3,1295,32.1,34,0
269,M_22874,L,303.8,309.1,1439,36.4,226,1
270,M_42711,M,300.4,309.8,1317,23.7,229,1
271,M_15539,M,302.8,309.8,1547,35.0,233,1
272,M_63351,M,295.9,309.0,1455,42.3,151,0
273,M_71267,L,301.6,310.3,1617,55.9,181,0
274,M_58354,L,298.6,310.2,1258,56.9,145,0
275,M_12557,L,298.5,309.3,1400,29.7,49,0
276,M_48360,L,299.5,310.3,1500,54.6,173,0
277,M_92018,M,297.2,311.1,1506,20.5,175,0
278,M_12200,H,300.9,311.4,1604,34.2,102,0
279,M_78497,M,300.4,310.5,1362,37.0,32,0
280,M_56975,M,300.5,310.5,1429,42.5,240,1
281,M_31357,L,301.8,309.8,1576,41.1,214,0
282,M_87505,M,303.0,311.0,1170,43.7,88,0
283,M_12869,L,299.3,308.9,1557,38.2,228,1
284,M_71135,M,301.0,310.9,1614,49.6,154,0
285,M_60108,L,300.6,309.7,1299,46.9,128,0
286,M_48467,L,300.8,311.5,1452,37.1,84,0
287,M_33328,L,300.8,310.6,1723,48.4,58,0
288,M_96831,H,303.2,309.9,1598,60.7,240,1
289,M_13987,L,299.1,309.8,1567,33.3,9,0
290,M_68871,L,296.9,310.5,1648,56.8,222,1
291,M_32399,L,298.6,310.5,1770,34.2,235,1
292,M_56214,M,301.5,309.6,1502,54.1,152,0
293,M_96416,M,300.0,310.1,1438,34.5,211,0
294,M_80271,M,299.1,310.9,1648,47.7,56,1
295,M_54064,L,297.8,308.6,1471,41.8,65,0
296,M_80091,M,300.4,310.7,1360,22.1,118,0
297,M_50818,L,301.3,310.5,1418,59.2,111,0
298,M_55525,H,300.6,311.2,1546,31.0,14,0
299,M_29830,M,299.5,309.3,1432,27.3,155,0
300,M_27429,L,300.3,310.0,1443,33.6,12,0
301,M_16893,L,300.3,310.2,1345,65.3,113,1
302,M_89909,L,300.4,310.7,1715,27.5,243,1
303,M_57333,L,297.6,310.4,1448,41.8,117,0
304,M_13436,L,300.4,308.8,1393,28.8,141,0
305,M_84290,M,299.1,310.3,1409,30.5,113,0
306,M_86213,L,302.1,312.0,1620,24.0,193,0
307,M_15895,L,300.3,310.6,1585,43.2,33,0
308,M_29738,L,301.7,311.6,1424,38.4,226,1
309,M_40746,L,299.4,311.0,1504,28.7,100,0
310,M_59377,H,299.5,311.4,1541,48.7,24,0
311,M_58404,L,303.0,310.3,1394,49.8,111,0
312,M_64045,M,300.9,310.5,1268,44.1,53,0
313,M_49790,H,298.6,310.3,1577,51.7,206,0
314,M_15600,M,301.8,310.0,1402,36.5,11,0
315,M_50764,H,298.9,310.7,1566,43.2,125,0
316,M_84543,L,300.5,309.5,1548,36.5,136,0
317,M_55714,H,303.7,311.9,1508,24.9,249,1
318,M_66835,L,297.1,309.1,1436,42.2,30,0
319,M_83744,L,299.6,310.8,1404,41.6,77,0
320,M_66491,M,300.8,311.4,1329,39.7,220,0
321,M_28589,H,301.5,309.8,1407,43.7,52,0
322,M_53484,H,297.5,308.9,1585,54.1,111,0
323,M_92989,L,296.9,311.2,1709,38.0,42,0
324,M_46212,L,302.2,310.2,1687,30.4,165,0
325,M_53525,H,298.6,310.8,1521,37.5,41,0
326,M_57202,L,298.5,309.9,1709,38.6,123,0
327,M_42635,M,303.1,311.7,1453,49.8,199,0
328,M_73208,H,300.1,307.9,1306,41.1,175,0
329,M_43828,L,300.2,310.4,1788,28.5,66,0
330,M_28711,L,299.6,311.3,1579,48.1,65,0
331,M_13420,L,297.6,310.1,1269,46.5,143,0
332,M_10301,L,301.4,310.3,1733,41.1,82,0
333,M_55236,H,300.8,309.6,1388,49.5,93,0
334,M_76235,L,300.3,310.0,1421,51.2,104,0
335,M_64240,H,299.8,308.3,1653,36.2,143,0
336,M_75726,L,299.4,309.3,1704,31.0,30,0
337,M_20492,H,301.8,309.2,1349,39.9,117,0
338,M_16102,L,299.7,310.7,1720,45.4,185,0
339,M_60336,L,299.9,309.4,1631,38.9,27,0
340,M_95314,L,301.1,309.5,1380,30.1,3,0
341,M_36641,M,300.4,309.6,1463,41.6,137,0
342,M_44584,M,303.3,309.3,1727,19.7,178,0
343,M_42745,H,296.5,310.3,1265,36.8,236,1
344,M_33093,L,300.6,310.4,1707,48.5,17,0
345,M_76105,L,298.6,310.8,1626,49.1,46,0
346,M_61885,M,298.1,310.7,1576,2.4,159,0
347,M_46631,L,299.1,310.6,1519,38.1,157,0
348,M_82991,L,300.1,309.7,1795,46.0,163,0
349,M_14014,H,300.2,309.6,1817,28.2,8,0
350,M_21093,H,297.0,309.1,1407,36.3,163,0
351,M_28070,H,298.9,309.1,1591,52.1,28,0
352,M_45777,M,300.6,310.2,1781,35.2,143,0
353,M_66958,L,298.2,309.3,1382,56.0,91,0
354,M_92074,L,297.8,311.5,1536,32.6,148,0
355,M_20729,M,295.5,310.0,1650,54.1,63,0
356,M_55017,H,298.7,311.5,1197,40.3,110,0
357,M_76320,L,297.7,310.6,1624,31.2,247,1
358,M_37751,L,298.0,309.2,1336,54.1,193,0
359,M_88069,L,299.5,309.9,1528,27.9,123,0
360,M_64748,M,298.8,308.3,1671,32.0,186,0
361,M_15801,H,297.7,310.2,1141,44.9,109,0
362,M_29190,M,295.8,309.3,1617,40.8,226,1
363,M_59689,L,300.6,308.9,1805,42.7,117,0
364,M_60993,H,301.5,311.5,1420,36.3,155,0
365,M_39592,M,299.2,311.0,1586,28.0,182,0
366,M_20647,L,299.5,311.0,1700,33.5,99,0
367,M_18716,L,300.0,310.8,1261,53.2,30,0
368,M_98891,L,303.2,308.8,1613,26.6,160,0
369,M_97545,L,296.9,309.6,1653,56.4,214,0
370,M_99912,H,299.2,309.7,1595,43.2,187,0
371,M_80316,L,296.6,308.3,1512,34.0,168,0
372,M_12368,H,300.7,309.4,1349,20.0,80,0
373,M_87575,L,299.7,309.5,1708,21.3,45,0
374,M_16655,L,300.4,310.1,1505,36.4,48,0
375,M_80031,L,300.3,312.5,1364,35.2,192,0
376,M_86429,L,302.0,310.0,1452,41.2,41,0
377,M_97922,L,301.1,310.1,1555,57.2,150,0
378,M_65766,H,301.7,309.7,1265,45.4,111,0
379,M_23403,M,297.9,310.7,1502,38.7,26,0
380,M_42097,M,302.4,308.9,1437,52.2,216,0
381,M_88657,L,298.6,311.9,1700,41.5,159,0
382,M_20966,L,298.7,309.9,1218,56.0,210,0
383,M_62921,L,300.5,309.6,1640,33.3,87,0
384,M_59726,M,300.6,311.0,1712,28.5,120,0
385,M_60300,L,297.9,309.1,1224,20.0,2,0
386,M_32677,L,299.7,310.7,1242,38.9,59,0
387,M_65609,M,303.0,311.4,1767,27.7,203,0
388,M_66661,L,297.1,309.8,1364,27.5,226,1
389,M_41024,L,303.0,312.1,1964,50.3,78,0
390,M_80313,L,299.5,310.6,1229,22.8,144,1
391,M_63006,H,295.3,310.7,1525,41.0,241,1
392,M_25338,M,297.3,311.4,1496,39.2,31,0
393,M_78027,L,298.1,311.6,1468,40.9,6,0
394,M_90135,L,298.8,310.3,1569,53.8,210,0
395,M_29508,H,299.8,310.8,1578,31.7,70,0
396,M_13051,M,294.6,311.4,1474,53.8,127,0
397,M_58747,L,300.4,308.8,1347,22.4,196,0
398,M_97142,H,297.9,308.3,1657,46.5,57,0
399,M_97235,L,302.8,309.9,1594,54.8,167,0
400,M_64021,M,299.5,308.2,1517,-0.5,212,0
401,M_76412,M,301.9,309.7,1589,39.6,111,0
402,M_68335,L,302.2,310.3,1615,38.8,47,0
403,M_66179,H,302.2,309.7,1385,40.7,178,0
404,M_42093,M,298.9,309.9,1584,57.1,184,0
405,M_79678,M,298.8,309.0,1417,32.4,110,0
406,M_90738,L,299.6,310.8,1620,28.2,70,0
407,M_49734,L,301.3,308.9,1471,40.8,164,0
408,M_82615,L,299.0,307.9,1591,51.2,214,0
409,M_83523,M,299.8,309.8,1434,45.6,74,0
410,M_27019,L,300.5,310.9,1599,40.3,73,0
411,M_93613,M,298.2,310.1,1353,37.7,120,0
412,M_96672,M,298.1,308.8,1505,19.9,212,0
413,M_83847,L,299.7,310.1,1647,45.9,54,0
414,M_92750,M,299.9,310.4,1570,47.1,40,0
415,M_89634,L,300.9,310.1,1528,33.1,96,0
416,M_38251,H,301.3,309.7,1770,35.4,147,0
417,M_35945,L,297.8,310.5,1653,29.5,32,0
418,M_42217,L,298.4,308.3,1628,48.7,167,0
419,M_18308,L,298.1,309.1,1598,36.3,226,1
420,M_15949,L,302.8,308.7,1617,38.5,33,0
421,M_61990,M,299.8,311.3,1748,46.3,61,0
422,M_11150,M,300.0,310.7,1437,43.3,227,1
423,M_99480,M,300.1,310.2,1651,45.6,218,0
424,M_84740,L,298.6,308.5,1553,41.7,18,0
425,M_76617,L,303.1,310.7,1442,42.0,170,0
426,M_26896,L,300.8,311.4,1485,41.9,196,0
427,M_56175,M,300.1,310.6,1532,44.5,190,0
428,M_17805,H,297.8,310.0,1371,45.0,220,0
429,M_15237,L,297.7,310.6,1629,27.8,247,1
430,M_30056,L,299.4,310.3,1484,34.0,9,0
431,M_55543,M,298.6,310.9,1512,38.0,119,0
432,M_66556,H,297.9,310.9,1703,44.5,122,0
433,M_13343,M,299.3,309.8,1519,56.0,246,1
434,M_23500,H,299.6,309.3,1732,31.9,103,0
435,M_63222,L,300.3,309.6,1421,48.8,140,0
436,M_39375,L,299.0,310.5,1335,34.3,220,0
437,M_19662,H,298.0,309.7,1456,53.7,4,0
438,M_26964,M,298.1,309.2,1077,59.1,249,1
439,M_69638,L,302.4,310.0,1635,22.5,57,0
440,M_83666,M,297.5,311.1,1344,36.7,58,0
441,M_95067,H,300.7,310.1,1407,16.5,203,0
442,M_77215,M,301.0,309.7,1607,23.1,127,0
443,M_79042,M,299.8,310.3,1517,23.7,186,0
444,M_23284,L,303.5,310.1,1433,46.2,204,0
445,M_82789,M,301.0,308.1,1194,44.4,85,0
446,M_94664,M,303.7,310.7,1695,48.0,103,0
447,M_71389,H,298.7,310.4,1608,46.1,142,0
448,M_19435,H,298.7,310.0,1808,44.9,204,0
449,M_64340,H,301.1,311.1,1410,41.1,128,0
450,M_54078,L,299.5,311.2,1281,38.7,245,1
451,M_88832,M,303.4,310.8,1649,50.2,37,0
452,M_61293,M,300.7,309.1,1471,40.1,106,0
453,M_88781,M,297.9,309.2,1594,45.3,108,0
454,M_70403,M,296.5,311.1,1742,16.7,52,0
455,M_39124,H,299.8,308.1,1558,28.2,51,0
456,M_53919,L,299.8,309.9,1525,49.8,0,0
457,M_45247,M,300.6,310.4,1534,33.3,10,0
458,M_72752,L,302.4,308.2,1254,26.0,57,0
459,M_66573,L,302.2,310.2,1666,46.4,234,1
460,M_69101,M,298.8,311.0,1675,40.0,127,0
461,M_36646,M,297.4,308.5,1579,35.9,167,0
462,M_33049,L,297.5,311.7,1272,55.1,213,0
463,M_89605,L,298.5,309.0,1481,53.4,226,1
464,M_78385,M,299.3,310.6,1715,38.1,187,0
465,M_50158,L,300.6,309.9,1415,47.2,242,1
466,M_75417,L,298.4,310.1,1677,17.6,43,0
467,M_33289,L,300.6,308.7,1508,50.9,5,0
468,M_19823,L,300.7,311.3,1606,29.1,155,0
469,M_70160,L,300.3,310.3,1438,25.5,158,0
470,M_51975,L,297.7,311.6,1512,22.1,246,1
471,M_19540,L,300.9,308.7,1565,21.4,7,0
472,M_26364,H,304.2,309.8,1337,50.8,4,0
473,M_14611,M,300.5,310.2,1541,46.3,105,0
474,M_37663,M,294.1,310.1,1096,32.3,181,0
475,M_61991,L,302.5,310.7,1409,48.5,111,0
476,M_67679,L,298.6,309.8,1581,34.1,235,1
477,M_40977,M,304.5,312.1,1668,43.2,16,0
478,M_59115,L,300.2,310.0,1570,35.2,165,0
479,M_98223,L,296.6,307.1,1291,38.8,8,0
480,M_70890,M,295.9,310.1,1654,30.9,201,0
481,M_76387,M,303.1,311.3,1329,32.4,211,0
482,M_28071,L,302.2,309.1,1592,45.4,77,0
483,M_69275,L,304.5,309.0,1334,47.0,13,0
484,M_82369,M,300.0,309.2,1384,35.9,153,0
485,M_21938,L,299.9,308.9,1356,24.7,220,0
486,M_45195,M,299.2,309.5,1520,64.7,112,0
487,M_14000,M,298.7,310.9,1470,40.4,189,0
488,M_80588,H,299.2,311.5,1576,43.1,90,0
489,M_48304,L,300.4,307.6,1497,27.4,24,0
490,M_79449,H,298.3,309.6,1272,52.2,207,0
491,M_92986,M,296.7,310.3,1541,53.7,163,0
492,M_99643,L,300.3,310.2,1235,22.9,97,0
493,M_30764,L,298.3,311.9,1367,39.0,207,0
494,M_96027,M,293.5,308.0,1445,38.2,160,0
495,M_48494,L,301.1,307.4,1435,63.9,2,0
496,M_13373,L,297.8,312.1,1252,54.4,214,0
497,M_22161,L,301.3,310.8,1705,25.5,138,0
498,M_37350,H,301.3,309.4,1747,32.7,111,0
499,M_35351,M,300.6,310.2,1837,31.1,185,0
500,M_98668,M,305.0,310.2,1672,43.7,191,0
501,M_25305,L,299.7,309.4,1440,55.7,145,0
502,M_85353,L,299.4,310.1,1438,41.1,46,0
503,M_86797,M,301.4,310.4,1429,45.0,232,1
504,M_75953,L,299.9,312.0,1797,33.4,171,0
505,M_67458,L,302.3,311.0,1482,45.0,220,0
506,M_30358,M,297.5,311.7,1690,35.3,186,0
507,M_13267,H,297.5,308.7,1678,23.6,49,0
508,M_92745,M,301.5,309.7,1528,44.3,196,0
509,M_99588,M,297.7,310.2,1282,39.9,215,0
510,M_48513,H,301.2,308.1,1485,29.0,156,0
511,M_36092,L,300.7,311.2,1522,56.5,220,0
512,M_21338,M,298.6,310.6,1691,32.3,123,0
513,M_10412,H,300.7,309.6,1502,46.1,89,0
514,M_17543,L,297.5,309.8,1318,36.4,231,1
515,M_43496,M,298.0,311.3,1648,55.4,66,0
516,M_70692,M,299.5,309.2,1465,37.6,1,0
517,M_99084,M,300.2,311.3,1118,23.3,152,0
518,M_54425,M,299.4,309.7,1548,48.1,146,0
519,M_48756,H,300.9,310.8,1575,55.4,167,0
520,M_28888,M,300.8,310.1,1373,35.7,1,0
521,M_45735,L,303.1,312.2,1471,46.8,210,0
522,M_57295,H,299.8,309.1,1598,41.3,64,0
523,M_93042,L,302.4,309.4,1549,36.2,189,0
524,M_95999,L,301.8,308.5,1265,48.4,90,0
525,M_27955,L,304.6,308.9,1688,32.0,181,0
526,M_47841,L,299.7,310.7,1755,40.3,172,0
527,M_80640,L,299.2,311.6,1423,42.6,246,1
528,M_75510,H,302.5,310.8,1213,42.2,115,0
529,M_44911,M,300.8,310.0,1615,32.2,48,0
530,M_69031,M,302.6,309.1,1399,60.6,226,1
531,M_98726,L,301.4,310.9,1580,52.6,232,1
532,M_17357,H,295.8,309.1,1830,49.9,68,0
533,M_42479,H,300.8,308.7,1268,54.3,165,0
534,M_71476,M,300.6,309.7,1380,40.7,131,0
535,M_54811,L,300.3,308.0,1470,36.3,144,0
536,M_46208,L,299.7,308.6,1693,29.1,125,0
537,M_30150,L,296.8,311.9,2033,33.0,180,0
538,M_81180,L,301.7,308.4,1537,29.9,212,0
539,M_53286,L,300.7,308.8,1255,34.7,52,0
540,M_78450,H,302.2,310.1,1448,42.8,111,0
541,M_31352,L,296.9,310.1,1383,49.1,158,0
542,M_65069,L,301.0,309.8,1608,48.9,239,1
543,M_24397,L,299.5,308.0,1556,28.3,149,0
544,M_51555,L,300.3,310.8,1343,46.9,138,0
545,M_56959,L,299.6,309.6,1374,51.4,161,0
546,M_10728,L,301.1,311.2,1445,37.5,112,0
547,M_60517,L,299.7,309.4,1464,52.0,142,0
548,M_76234,M,297.9,311.0,1493,48.8,113,0
549,M_49954,H,300.2,311.3,1507,27.4,137,0
550,M_57280,L,299.6,309.5,1685,61.9,229,1
551,M_89459,L,299.8,310.9,1440,32.8,223,0
552,M_26779,H,293.6,308.7,1418,49.6,180,0
553,M_73932,L,301.4,310.3,1299,49.2,47,0
554,M_82936,L,299.4,311.2,1466,27.8,30,0
555,M_34466,H,297.3,310.5,1538,41.8,36,0
556,M_46939,L,301.8,312.4,1241,49.1,107,0
557,M_79896,M,301.3,310.6,1448,27.7,27,0
558,M_45270,M,299.3,309.6,1674,41.0,158,0
559,M_69163,L,297.7,312.8,1597,49.9,69,0
560,M_92637,L,300.4,311.6,1556,50.6,13,0
561,M_61934,M,300.2,308.4,1593,36.0,121,0
562,M_74895,L,301.8,309.2,1413,55.4,214,0
563,M_42307,L,299.1,309.0,1393,53.1,15,0
564,M_64098,M,302.4,310.6,1690,42.4,24,0
565,M_70921,M,298.9,310.6,1624,33.4,166,0
566,M_15486,L,297.3,310.6,1388,28.3,65,0
567,M_18335,H,297.7,308.4,1218,43.8,37,0
568,M_96900,L,299.9,309.4,1391,54.6,168,0
569,M_99112,H,299.9,309.9,1581,38.5,102,0
570,M_21130,M,300.7,308.2,1401,31.4,97,0
571,M_97508,M,299.8,309.1,1549,48.2,114,0
572,M_70566,L,302.0,311.4,1712,41.7,39,0
573,M_76703,H,299.5,308.4,1486,45.2,234,1
574,M_37192,L,296.0,311.5,1535,34.7,63,0
575,M_11062,M,299.8,311.1,1602,36.3,88,0
576,M_94076,L,296.0,309.7,1337,34.7,99,0
577,M_99780,L,300.5,309.4,1384,45.0,143,0
578,M_31545,L,302.1,310.8,1608,36.6,248,1
579,M_31689,H,298.0,309.2,1505,45.9,81,0
580,M_21174,H,302.8,309.3,1518,33.8,76,0
581,M_98461,L,301.7,310.0,1504,45.0,58,0
582,M_19348,L,302.4,307.9,1646,47.0,228,1
583,M_33714,M,300.4,308.6,1565,43.3,90,0
584,M_48102,L,298.0,309.7,1567,49.2,97,0
585,M_84460,L,301.6,310.5,1683,35.2,138,0
586,M_99930,M,298.8,309.2,1740,46.9,0,0
587,M_16801,M,300.2,309.8,1836,42.3,12,0
588,M_82267,H,299.7,308.4,1413,31.9,29,0
589,M_58136,L,302.2,310.9,1870,20.9,196,0
590,M_33625,L,301.5,310.2,1335,23.1,17,0
591,M_92873,M,299.8,310.3,1790,17.9,77,0
592,M_82592,M,296.1,310.5,1404,44.3,140,0
593,M_87052,M,298.7,310.1,1489,36.8,31,0
594,M_54261,M,301.4,309.5,1502,40.9,70,0
595,M_11542,L,300.6,311.1,1369,38.2,199,0
596,M_31677,H,297.0,310.2,1513,45.8,49,0
597,M_56732,L,296.4,309.8,1377,46.1,198,0
598,M_60343,L,300.4,310.0,1314,40.4,115,0
599,M_49081,M,297.9,310.0,1494,41.0,112,0
600,M_72856,L,298.1,309.8,1738,41.4,79,0
601,M_98858,L,301.3,310.4,1461,53.9,234,1
602,M_29065,H,302.4,309.1,1641,20.0,30,0
603,M_93460,L,298.5,309.1,1373,33.3,50,0
604,M_98092,M,299.9,310.6,1307,48.7,154,0
605,M_64693,L,299.9,309.9,1568,51.1,59,0
606,M_36962,M,299.7,311.0,1763,44.3,32,0
607,M_38295,L,300.1,310.4,1531,38.2,180,0
608,M_23807,L,301.5,309.4,1623,58.6,126,0
609,M_52348,H,298.7,310.6,1724,41.8,220,0
610,M_36432,M,296.9,311.2,1494,40.3,199,0
611,M_93285,L,303.4,310.4,1477,53.3,160,0
612,M_67854,L,302.2,310.7,1570,44.8,125,0
613,M_50262,H,297.8,309.8,1597,49.4,40,0
614,M_47080,M,300.3,311.0,1290,50.6,18,0
615,M_11324,M,302.0,309.4,1544,36.3,212,0
616,M_45909,M,301.5,310.3,1499,57.7,40,0
617,M_99339,L,300.9,312.6,1381,15.4,84,0
618,M_29870,L,299.7,310.5,1489,20.2,88,0
619,M_44578,M,303.5,309.6,1325,33.2,41,0
620,M_82124,L,300.4,309.6,1273,35.8,119,0
621,M_36790,L,299.0,309.9,1510,43.6,22,0
622,M_35289,H,301.7,310.9,1635,33.1,202,0
623,M_65129,M,300.2,310.1,1447,39.9,32,0
624,M_25485,M,300.7,309.4,1355,37.9,19,0
625,M_54482,M,300.4,309.3,1379,60.0,152,0
626,M_96188,M,301.0,310.2,1582,32.0,89,0
627,M_14748,L,298.0,310.0,1750,23.2,103,0
628,M_96769,L,297.1,310.5,1615,51.2,179,0
629,M_19435,L,302.9,310.9,1695,32.9,11,0
630,M_13709,L,300.5,312.7,1342,39.1,159,0
631,M_40355,M,301.5,308.5,1488,33.5,160,0
632,M_65771,L,296.5,310.7,1652,47.4,201,0
633,M_67799,L,302.1,310.1,1290,26.3,195,1
634,M_23116,L,299.0,308.2,1401,12.0,142,0
635,M_35470,L,298.4,311.2,1641,53.0,50,0
636,M_52344,L,299.9,310.4,1538,42.5,5,0
637,M_52918,L,298.0,310.8,1355,50.7,90,0
638,M_62224,L,300.0,308.3,1255,52.6,196,0
639,M_49298,L,299.7,309.8,1700,30.8,68,0
640,M_90219,L,302.1,308.9,1191,40.6,209,0
641,M_71629,M,303.0,312.2,1594,45.1,219,0
642,M_76040,L,303.0,311.1,1420,38.9,162,0
643,M_38016,L,295.5,309.3,1657,36.9,122,0
644,M_33960,M,298.1,308.5,1343,37.9,213,0
645,M_43591,L,295.5,310.2,1892,50.8,161,0
646,M_92848,H,297.6,311.1,1560,37.4,190,0
647,M_77641,M,298.7,308.3,1585,46.0,195,0
648,M_46395,L,300.8,309.1,1384,43.5,145,0
649,M_32700,M,299.0,308.9,1479,30.4,232,1
650,M_44620,L,299.0,310.9,1483,43.0,114,0
651,M_30559,M,300.4,309.6,1769,24.6,153,0
652,M_71642,L,296.6,309.7,1560,44.0,233,1
653,M_86539,H,298.3,310.2,1581,48.9,213,0
654,M_31732,L,299.0,309.1,1579,51.2,110,0
655,M_40354,M,299.6,308.6,1594,30.5,224,0
656,M_23843,M,300.2,311.4,1291,34.6,60,0
657,M_81726,L,303.0,311.5,1807,42.8,106,0
658,M_27640,L,301.8,310.2,1368,35.2,77,0
659,M_62528,M,298.5,310.3,1494,20.7,94,0
660,M_48413,H,299.5,311.3,1729,34.6,73,0
661,M_62638,L,299.3,310.2,1790,42.8,242,1
662,M_62736,M,299.0,309.6,1620,50.7,215,0
663,M_78866,H,300.5,310.0,1424,56.9,212,0
664,M_29087,H,296.3,311.4,1519,41.2,47,0
665,M_51430,L,301.8,310.1,1525,45.7,199,0
666,M_34504,M,303.4,309.3,1530,49.6,95,0
667,M_17114,L,299.5,310.1,1315,19.5,30,0
668,M_88859,H,299.4,310.7,1689,29.8,33,0
669,M_20975,L,300.3,310.5,1520,41.0,86,0
670,M_21023,L,302.0,310.6,1391,55.6,216,0
671,M_31447,M,299.4,309.2,1425,46.3,134,0
672,M_33959,L,301.9,310.8,1540,43.3,82,0
673,M_76203,H,301.0,310.0,1289,37.7,134,0
674,M_39703,H,304.7,309.3,1631,44.3,46,0
675,M_19337,M,299.3,310.8,1535,34.0,135,0
676,M_56427,L,296.0,309.5,1734,32.2,205,0
677,M_71529,M,297.1,308.4,1511,33.1,128,0
678,M_94665,L,300.0,309.0,1337,53.4,124,0
679,M_41921,L,302.1,309.8,1320,31.6,76,0
680,M_43307,H,298.7,310.6,1441,36.0,2,0
681,M_37355,L,299.5,309.1,1457,44.7,180,0
682,M_14835,L,301.4,309.8,1414,31.2,91,0
683,M_30159,H,298.1,308.8,1519,42.3,165,0
684,M_57605,L,298.8,311.0,1411,42.3,178,1
685,M_48088,L,297.7,311.7,1538,33.8,142,0
686,M_88752,H,302.4,311.6,1421,37.4,99,0
687,M_65284,L,303.1,311.0,1594,30.6,244,1
688,M_67043,M,296.8,310.9,1453,53.8,126,0
689,M_45547,H,299.7,307.9,1686,42.6,194,0
690,M_92844,H,302.8,310.2,1597,29.5,191,0
691,M_37532,M,300.8,309.5,1529,41.3,67,0
692,M_44349,L,299.0,310.9,1468,41.7,132,0
693,M_55445,L,296.9,307.5,1272,17.6,241,1
694,M_15713,H,302.3,310.2,1712,53.4,89,0
695,M_66178,H,300.7,309.8,1397,30.1,88,0
696,M_59407,M,297.1,311.1,1513,60.9,9,0
697,M_80340,L,302.4,311.5,1551,48.0,7,0
698,M_60990,L,296.8,309.1,1472,28.7,11,0
699,M_85672,L,299.6,309.1,1703,36.9,63,0
700,M_75545,M,299.5,310.2,1316,49.2,117,0
701,M_94791,L,303.2,311.7,1760,37.6,249,1
702,M_68141,H,299.5,310.1,1600,51.8,58,0
703,M_33793,M,299.5,308.7,1463,36.2,194,0
704,M_66570,L,297.3,309.4,1464,39.2,218,0
705,M_47892,M,298.7,310.2,1167,49.5,49,0
706,M_11015,L,298.4,310.2,1372,46.0,150,0
707,M_71813,M,298.5,309.3,1446,30.7,39,0
708,M_37712,M,300.0,309.4,1526,44.3,121,0
709,M_18415,H,295.1,309.0,1688,41.7,96,0
710,M_72292,H,297.0,311.1,1805,30.9,205,0
711,M_33833,L,299.8,309.2,1540,26.1,126,0
712,M_14158,L,300.2,309.5,1530,20.7,245,1
713,M_72680,M,299.5,309.5,1426,37.1,86,0
714,M_30309,L,299.9,308.4,1242,39.5,222,0
715,M_16970,L,299.2,309.1,1409,45.0,76,0
716,M_82474,L,300.0,311.2,1469,48.2,120,0
717,M_96704,M,300.9,308.8,1646,35.9,203,0
718,M_56540,L,300.9,309.0,1577,39.2,226,1
719,M_30384,M,298.6,308.7,1533,32.4,145,1
720,M_28017,H,301.8,309.9,1412,40.9,148,0
721,M_85880,L,300.3,311.9,1202,49.7,236,1
722,M_18702,L,302.5,309.9,1211,41.0,110,1
723,M_10384,L,302.9,310.1,1250,51.6,233,1
724,M_10404,H,297.1,309.2,1456,49.5,128,0
725,M_50943,L,298.3,309.9,1649,54.6,165,0
726,M_57926,L,301.6,311.2,1645,41.3,40,0
727,M_39189,L,296.7,310.1,1619,34.7,169,0
728,M_22763,M,302.8,312.1,1422,46.2,238,1
729,M_28384,L,299.3,311.3,1671,36.3,136,0
730,M_70100,M,301.2,309.9,1360,45.9,22,0
731,M_19860,H,299.8,309.9,1628,33.4,77,0
732,M_90642,L,297.2,311.6,1248,31.7,10,0
733,M_60612,H,302.1,310.1,1323,52.2,70,0
734,M_33574,L,305.5,311.4,1747,29.9,158,0
735,M_33524,H,299.0,312.0,1469,50.2,215,0
736,M_79172,M,299.4,309.8,1397,45.9,25,1
737,M_20916,H,294.7,310.4,1665,40.9,29,0
738,M_14809,L,302.7,311.0,1682,21.1,161,0
739,M_42201,L,301.8,310.8,1435,54.9,173,0
740,M_63330,L,296.5,310.8,1541,30.7,101,0
741,M_23456,L,295.9,308.7,1520,49.5,68,0
742,M_66397,L,296.1,309.2,1075,33.1,132,0
743,M_48765,L,301.3,309.5,1290,32.3,188,0
744,M_44816,L,301.5,311.2,1641,46.7,210,0
745,M_55106,L,298.2,308.8,1375,45.4,242,1
746,M_63932,H,301.0,311.5,1579,28.5,165,0
747,M_27100,L,300.3,310.8,1539,54.4,155,0
748,M_67091,L,299.3,311.2,1682,37.9,153,0
749,M_31949,L,301.9,309.1,1295,40.7,60,0
750,M_80080,L,297.6,310.1,1559,37.0,105,0
751,M_47744,H,302.3,310.3,1490,29.0,22,0
752,M_55543,L,298.5,310.3,1381,47.4,173,0
753,M_46187,M,303.6,310.3,1380,42.9,112,0
754,M_17239,H,298.0,309.7,1534,31.9,29,0
755,M_24489,H,299.3,310.1,1594,49.4,66,0
756,M_68017,M,300.1,311.0,1509,40.5,219,0
757,M_71877,H,300.1,308.8,1514,40.8,160,0
758,M_53125,H,301.0,311.5,1425,57.8,233,1
759,M_59922,M,297.4,311.0,1435,23.9,130,0
760,M_42049,M,299.9,309.0,1381,23.8,196,0
761,M_47131,M,300.3,310.4,1422,26.0,120,0
762,M_52944,M,298.9,310.9,1589,43.6,82,0
763,M_83963,M,300.8,308.8,1605,36.4,169,0
764,M_34285,L,297.3,310.0,1308,37.2,61,0
765,M_47626,L,299.3,309.9,1365,30.6,185,0
766,M_52808,L,298.5,309.4,1393,56.7,56,0
767,M_98464,L,299.4,310.1,1490,60.0,239,1
768,M_63871,L,302.9,309.4,1247,49.0,0,0
769,M_29198,L,302.9,311.4,1368,24.9,101,0
770,M_29758,M,302.5,309.4,1292,35.1,200,0
771,M_25254,L,299.1,310.8,1560,48.3,187,0
772,M_54238,H,301.8,308.3,1495,39.5,68,0
773,M_11252,L,300.2,309.8,1430,49.0,58,0
774,M_49764,L,300.1,310.0,1340,52.5,45,0
775,M_87709,M,299.8,309.8,1432,59.1,105,0
776,M_47441,M,303.5,309.6,1415,33.5,33,0
777,M_63682,L,302.7,309.3,1745,40.8,100,0
778,M_69494,H,301.5,310.8,1649,35.6,96,0
779,M_91317,H,299.7,311.0,1396,20.0,152,0
780,M_75215,L,300.1,309.9,1524,47.0,169,0
781,M_88587,L,301.1,308.9,1641,45.6,28,0
782,M_16949,H,299.0,311.8,1396,34.5,249,1
783,M_65393,M,301.9,309.1,1287,24.0,152,0
784,M_83553,M,298.2,308.5,1230,36.2,181,0
785,M_16941,H,300.8,308.0,1690,47.3,122,0
786,M_35934,L,295.4,310.1,1471,53.4,72,0
787,M_33386,L,298.9,309.8,1543,32.9,194,0
788,M_71886,L,304.2,311.0,1413,51.1,142,0
789,M_85745,M,302.1,310.6,1309,46.2,3,0
790,M_93251,M,303.1,310.3,1337,44.1,236,1
791,M_63413,M,298.7,309.7,1298,27.1,37,0
792,M_66800,L,300.2,311.1,1627,27.5,19,0
793,M_52318,L,302.6,311.9,1723,31.7,112,0
794,M_80173,L,301.3,311.0,1505,36.7,22,0
795,M_80390,M,301.0,309.5,1272,58.0,164,0
796,M_62329,M,303.3,310.8,1574,33.4,189,0
797,M_53088,L,297.9,309.6,1689,47.7,110,0
798,M_49811,H,299.6,308.9,1645,35.4,135,0
799,M_65479,L,296.5,309.1,1495,44.7,248,1
800,M_95392,H,297.8,309.6,1464,39.4,164,0
801,M_97369,L,302.1,310.1,1494,41.8,247,1
802,M_29963,M,298.2,312.1,1683,43.7,44,0
803,M_65123,L,301.5,309.1,1614,37.5,96,0
804,M_83477,H,303.3,311.3,1442,43.7,32,0
805,M_24388,L,299.6,309.7,1438,52.3,134,0
806,M_15569,L,301.0,308.0,1427,32.5,21,0
807,M_79836,L,301.5,309.5,1340,51.9,132,0
808,M_46586,L,297.6,311.2,1702,37.3,237,1
809,M_22015,L,298.8,310.3,1381,36.3,14,0
810,M_55002,H,298.0,310.4,1573,47.0,20,0
811,M_16254,L,298.9,311.3,1400,36.6,125,0
812,M_27144,M,301.4,309.0,1428,43.2,88,0
813,M_34214,M,298.8,308.9,1482,42.3,16,0
814,M_90719,M,299.9,307.7,1581,19.2,55,0
815,M_81774,L,297.9,310.9,1461,44.2,49,0
816,M_16090,L,302.5,310.6,1329,25.6,134,0
817,M_21637,M,298.9,310.7,1502,26.4,117,0
818,M_32415,H,303.0,308.8,1384,43.7,121,0
819,M_34071,L,300.1,308.4,1731,45.4,49,0
820,M_68243,L,297.2,308.7,1461,52.1,59,0
821,M_51240,L,299.7,309.1,1399,29.1,124,0
822,M_93807,H,297.9,311.6,1796,32.6,210,0
823,M_43434,L,301.2,311.0,1610,44.6,115,0
824,M_79724,L,299.5,309.5,1365,52.2,134,0
825,M_85697,H,300.3,310.3,1381,41.9,167,0
826,M_38732,L,299.3,309.3,1571,31.2,172,0
827,M_21314,L,298.9,310.4,1506,55.1,186,0
828,M_33954,M,298.1,308.9,1633,37.4,241,1
829,M_67108,H,301.7,310.8,1400,37.7,87,0
830,M_97044,L,299.7,309.2,1605,25.6,202,0
831,M_97505,L,299.4,310.8,1164,47.2,104,0
832,M_46668,L,299.6,309.6,1476,48.5,54,0
833,M_33061,L,298.6,309.2,1407,32.9,63,0
834,M_89252,M,299.4,311.6,1431,57.5,192,0
835,M_49749,L,300.4,310.2,1484,34.1,181,0
836,M_26907,L,297.9,309.7,1670,46.3,95,0
837,M_28777,L,298.2,310.8,1326,42.2,167,0
838,M_61745,M,302.8,308.7,1171,19.7,180,0
839,M_91818,M,299.3,311.1,1344,45.4,43,0
840,M_33624,H,298.9,309.9,1653,44.5,190,0
841,M_33321,L,297.3,310.6,1253,22.3,129,0
842,M_20488,H,301.7,308.5,1414,55.3,206,0
843,M_32574,H,297.9,309.6,1625,44.6,148,0
844,M_15240,L,300.0,310.0,1491,52.4,215,0
845,M_53221,L,296.6,311.0,1669,22.8,49,0
846,M_20478,L,301.6,310.7,1194,35.9,208,0
847,M_65645,L,302.4,309.6,1451,51.8,110,0
848,M_29262,L,301.0,310.3,1700,24.3,179,0
849,M_62796,L,296.9,311.3,1330,36.2,243,1
850,M_14432,L,301.7,309.8,1655,44.1,136,0
851,M_74291,H,298.3,309.7,1464,21.1,98,0
852,M_89104,L,297.7,308.1,1565,26.8,147,0
853,M_69399,H,299.2,309.7,1689,53.8,210,0
854,M_89714,M,299.2,308.3,1564,40.6,145,0
855,M_60428,H,299.0,309.9,1411,51.8,83,0
856,M_97731,M,302.5,311.0,1584,41.8,29,0
857,M_10302,L,304.0,307.9,1400,64.6,231,1
858,M_92558,M,297.3,311.2,1541,44.4,64,0
859,M_10055,L,298.6,309.7,1312,52.7,23,0
860,M_18717,L,300.3,310.0,1504,37.5,215,0
861,M_38699,H,299.2,309.5,1678,42.1,174,0
862,M_83686,L,300.8,308.3,1455,46.4,210,0
863,M_77661,L,301.8,309.2,1664,48.1,221,0
864,M_54247,M,301.5,312.1,1964,39.6,89,0
865,M_26748,H,301.2,308.9,1495,40.0,105,0
866,M_14621,M,303.3,308.4,1592,45.0,171,0
867,M_25034,L,296.8,310.1,1571,45.0,229,1
868,M_15126,M,303.0,309.9,1533,29.7,156,0
869,M_15122,L,299.2,309.7,1618,42.2,76,0
870,M_28030,M,301.6,310.0,1462,43.2,67,0
871,M_92838,H,297.9,310.6,1400,30.2,108,0
872,M_94717,M,298.2,309.4,1271,49.1,144,0
873,M_65658,H,301.3,310.2,1448,44.1,96,0
874,M_48638,L,296.1,311.0,1635,63.3,132,0
875,M_77067,M,302.0,309.0,1359,39.7,91,0
876,M_98869,H,302.5,307.7,1537,51.4,87,0
877,M_44674,L,300.4,310.7,1481,45.4,208,0
878,M_45854,H,300.3,312.5,1406,59.2,49,0
879,M_56271,L,298.3,310.0,1222,30.3,102,0
880,M_83688,M,301.3,310.2,1704,35.0,111,0
881,M_48518,H,300.7,309.7,1577,30.6,167,0
882,M_20267,M,298.2,311.6,1899,39.2,235,1
883,M_11062,L,299.2,309.9,1661,28.8,45,0
884,M_60448,M,299.7,309.8,1701,24.7,178,0
885,M_16229,M,299.2,310.9,1237,18.7,10,0
886,M_66793,H,297.3,309.5,1234,18.0,11,0
887,M_57915,L,301.4,308.7,1506,46.6,140,0
888,M_14632,L,299.5,310.9,1327,35.4,63,0
889,M_13596,M,300.0,309.4,1397,27.7,7,0
890,M_16168,L,298.8,309.0,1878,33.4,192,0
891,M_17561,M,301.0,312.1,1678,34.7,8,0
892,M_83794,M,300.4,309.8,1359,30.4,219,0
893,M_92152,H,302.4,310.5,1145,56.1,129,0
894,M_36734,M,301.0,310.0,1347,54.2,77,0
895,M_16371,M,299.6,309.1,1416,55.9,140,0
896,M_36069,L,298.5,310.7,1451,41.8,239,1
897,M_89905,L,301.7,310.3,1308,42.8,1,0
898,M_22910,L,299.4,309.3,1669,33.5,195,0
899,M_83479,L,299.7,310.4,1393,31.5,203,0
900,M_87735,M,299.7,309.5,1597,40.2,175,0
901,M_91264,M,299.2,308.9,1508,46.5,73,0
902,M_33275,M,299.7,308.8,1640,52.0,130,0
903,M_82274,H,303.9,310.3,1464,34.5,195,0
904,M_91449,H,297.9,309.6,1361,27.5,133,0
905,M_70004,H,298.4,311.5,1410,47.3,86,0
906,M_72981,M,302.8,310.0,1412,21.8,4,0
907,M_94659,M,299.3,309.2,1809,39.6,241,1
908,M_64553,L,299.1,310.2,1511,40.9,130,0
909,M_58447,L,302.1,308.7,1500,36.2,137,0
910,M_44529,L,297.2,309.9,1632,24.5,170,0
911,M_85703,H,301.6,310.3,1499,36.3,146,0
912,M_86090,H,300.1,310.2,1668,56.4,13,0
913,M_27260,L,300.9,311.3,1444,45.9,148,0
914,M_13812,L,300.9,312.6,1428,51.6,123,0
915,M_38024,H,298.7,310.7,1352,27.8,42,0
916,M_68656,L,302.1,311.2,1777,42.6,27,0
917,M_37285,L,298.9,312.5,1489,40.9,148,0
918,M_11605,H,300.8,309.0,1323,41.1,163,0
919,M_81158,L,302.5,310.1,1529,45.6,23,0
920,M_82303,L,302.8,309.5,1402,41.5,181,0
921,M_37139,M,299.5,310.8,1441,28.1,165,0
922,M_87149,H,300.9,310.3,1546,46.1,16,0
923,M_66138,M,299.3,309.2,1728,48.4,149,0
924,M_86125,L,305.0,310.0,1515,53.2,82,0
925,M_23918,L,301.6,311.0,1393,53.6,44,0
926,M_95655,L,300.2,308.7,1424,44.8,245,1
927,M_37446,M,300.6,309.2,1598,28.6,73,0
928,M_23046,M,300.8,309.1,1206,24.7,188,0
929,M_34818,L,300.9,310.3,1343,37.7,138,0
930,M_14324,H,299.5,311.2,1531,49.2,60,0
931,M_86323,L,299.2,308.0,1243,48.6,37,0
932,M_19111,L,299.7,310.1,1453,42.7,65,0
933,M_48110,L,297.7,309.1,1428,39.6,32,0
934,M_26389,L,301.4,311.0,1631,59.0,42,0
935,M_51427,M,298.4,309.8,1462,45.7,158,0
936,M_89579,M,297.9,310.1,1678,39.1,111,0
937,M_38746,L,300.0,310.0,1511,33.5,34,0
938,M_97886,M,299.7,311.1,1766,29.9,36,0
939,M_10117,L,300.5,312.0,1291,28.9,174,0
940,M_94471,M,298.9,308.9,1742,29.9,238,1
941,M_23234,H,299.2,309.0,1438,42.8,99,0
942,M_63441,L,301.4,310.3,1721,39.8,22,0
943,M_10846,M,301.3,309.2,1677,36.7,163,0
944,M_20954,L,301.2,310.9,1072,47.4,167,0
945,M_89239,L,300.1,311.1,1571,58.1,230,1
946,M_56514,L,300.3,309.5,1649,31.8,217,0
947,M_98236,M,300.5,309.2,1699,33.3,88,0
948,M_16469,M,298.7,309.7,1323,17.8,208,0
949,M_40105,L,302.9,310.1,1588,39.7,14,0
950,M_52101,H,302.7,310.3,1529,38.7,164,0
951,M_74323,M,301.6,307.7,1564,48.9,236,1
952,M_68067,H,299.1,309.0,1649,39.1,131,0
953,M_59376,M,301.1,309.6,1673,34.1,149,0
954,M_55587,M,302.0,309.2,1401,41.9,208,0
955,M_46976,L,297.6,307.1,1539,45.6,21,0
956,M_77584,L,303.4,308.1,1506,23.8,208,0
957,M_88477,H,296.5,308.7,1464,50.1,205,0
958,M_52533,L,301.4,309.9,1478,53.1,77,0
959,M_11828,H,302.9,309.6,1529,45.5,144,0
960,M_11917,M,299.8,309.4,1409,30.7,71,0
961,M_30618,L,299.7,310.8,1632,36.7,97,0
962,M_42254,L,301.3,310.8,1690,51.8,89,0
963,M_57362,L,303.7,310.1,1376,30.2,108,0
964,M_30128,H,299.4,310.1,1697,46.3,93,0
965,M_69383,L,298.4,309.1,1377,39.5,213,0
966,M_75545,L,299.2,309.3,1634,41.6,79,0
967,M_92180,L,296.9,308.3,1697,31.6,93,0
968,M_97958,L,301.8,309.7,1485,43.3,79,0
969,M_19865,L,299.0,310.8,1378,42.6,37,0
970,M_12219,L,299.6,311.4,1411,24.9,245,1
971,M_49809,H,301.8,309.8,1554,40.0,151,0
972,M_15287,L,299.2,310.5,1794,46.1,227,1
973,M_44387,L,301.5,307.1,1246,36.1,226,1
974,M_18512,L,297.9,309.6,1515,15.5,133,0
975,M_11342,L,301.9,309.5,1486,38.9,195,0
976,M_73076,H,300.7,311.5,1431,54.7,209,0
977,M_29216,M,299.8,310.4,1487,36.6,133,0
978,M_89767,L,300.3,310.5,1418,54.3,25,0
979,M_36614,M,297.4,310.4,1686,31.9,100,0
980,M_46258,L,300.2,310.0,1701,28.4,218,0
981,M_52078,L,299.7,311.5,1513,39.9,168,0
982,M_93524,H,297.5,307.7,1478,31.8,74,1
983,M_22219,M,298.7,310.1,1426,43.3,37,0
984,M_10235,H,299.7,311.1,1513,36.3,207,0
985,M_52929,L,298.8,308.1,1777,54.7,82,0
986,M_77444,M,295.2,310.8,1484,35.6,170,0
987,M_18567,L,302.2,309.2,1374,40.9,180,0
988,M_80792,L,299.7,310.1,1440,46.0,142,0
989,M_75441,H,295.5,309.2,1613,49.6,217,0
990,M_94555,L,304.3,311.0,1392,54.8,55,0
991,M_83698,H,302.5,309.7,1494,37.7,104,0
992,M_15415,M,299.3,310.8,1570,36.0,183,0
993,M_46159,L,298.3,310.4,1403,20.9,30,0
994,M_53925,M,300.8,309.2,1235,60.4,210,0
995,M_15951,M,300.4,310.5,1339,43.6,184,0
996,M_97388,L,301.1,309.3,1371,47.5,178,0
997,M_18007,H,298.3,310.1,1465,45.6,151,0
998,M_51832,M,302.2,309.7,1506,40.5,57,0
999,M_68596,L,299.1,310.9,1623,43.5,72,0
1000,M_40523,M,301.4,310.5,1315,34.4,214,0
1001,M_98861,H,298.4,310.0,1601,37.0,131,0
1002,M_96740,L,305.3,309.3,1444,30.5,9,0
1003,M_25524,H,301.4,308.7,1232,55.6,190,0
1004,M_29282,L,305.8,310.1,1502,45.6,72,0
1005,M_33930,M,301.7,309.4,1697,59.8,210,0
1006,M_10077,M,298.9,308.1,1632,63.0,14,0
1007,M_30611,L,301.7,308.7,1488,26.0,242,1
1008,M_26984,L,301.8,311.6,1668,49.9,97,0
1009,M_24060,M,300.7,309.3,1528,26.4,233,1
1010,M_92985,L,301.3,311.1,1647,41.8,62,0
1011,M_94056,M,301.5,309.6,1250,43.1,18,0
1012,M_53303,L,298.0,311.2,1312,27.1,112,0
1013,M_69207,H,297.9,311.2,1609,32.6,62,0
1014,M_85046,M,298.4,309.2,1730,43.6,115,0
1015,M_39287,H,300.3,308.0,1562,41.8,183,0
1016,M_49711,L,299.6,308.1,1425,29.8,20,0
1017,M_21954,M,298.0,309.2,1372,33.0,161,0
1018,M_83340,M,301.6,311.9,1452,25.1,242,1
1019,M_82101,L,300.6,309.6,1682,28.0,144,0
1020,M_81520,L,300.3,310.1,1448,36.3,145,0
1021,M_97062,L,299.5,311.3,1657,49.9,80,0
1022,M_28574,M,299.2,310.1,1597,51.1,65,0
1023,M_19184,M,298.3,310.1,1757,58.3,178,0
1024,M_29096,L,301.9,310.6,1530,44.2,64,0
1025,M_77728,M,298.6,310.3,1492,41.9,42,0
1026,M_44016,L,300.4,309.9,1664,45.0,56,0
1027,M_21246,L,303.3,309.3,1359,44.9,137,0
1028,M_55558,H,299.3,310.1,1433,23.8,36,0
1029,M_28381,H,301.9,311.1,1247,58.9,175,0
1030,M_46455,M,301.1,311.8,1311,20.7,119,0
1031,M_14018,L,300.6,310.3,1788,51.5,68,0
1032,M_21302,M,300.9,310.8,1603,40.6,55,0
1033,M_77506,L,299.8,310.3,1294,29.1,118,0
1034,M_51157,L,300.1,309.9,1679,45.3,203,0
1035,M_64917,L,298.9,310.5,1394,38.8,163,0
1036,M_93122,M,300.1,311.2,1596,33.2,158,0
1037,M_34519,M,298.8,309.1,1593,26.2,54,0
1038,M_97487,L,302.0,308.5,1749,25.3,37,0
1039,M_66819,M,296.6,309.5,1419,33.9,242,1
1040,M_90910,H,301.0,310.2,1388,36.1,200,0
1041,M_81324,L,300.7,310.9,1096,27.9,235,1
1042,M_15408,M,300.5,309.0,1481,40.4,217,0
1043,M_69379,H,302.0,307.5,1608,29.3,14,0
1044,M_35053,L,299.4,309.5,1629,43.6,143,0
1045,M_19446,L,300.5,309.8,1687,52.3,76,0
1046,M_10922,M,296.6,308.8,1543,42.9,216,0
1047,M_61356,M,299.2,309.2,1575,39.1,221,0
1048,M_20789,H,301.7,310.9,1510,34.7,52,0
1049,M_76656,L,297.3,310.1,1606,54.5,183,0
1050,M_54028,H,300.3,310.3,1359,38.1,6,0
1051,M_74484,L,298.6,309.6,1288,64.9,184,0
1052,M_42154,L,299.8,309.2,1375,28.2,54,0
1053,M_92870,M,298.8,309.6,1532,42.9,51,0
1054,M_12336,L,297.5,310.5,1304,54.1,3,0
1055,M_77779,L,300.8,308.5,1405,33.1,42,0
1056,M_29029,L,299.9,311.7,1409,37.6,39,0
1057,M_69201,L,301.2,310.6,1617,46.3,229,1
1058,M_42265,L,301.6,309.5,1599,43.9,120,0
1059,M_53872,H,302.5,310.8,1510,45.6,29,0
1060,M_56197,L,300.3,311.2,1567,51.6,137,0
1061,M_65180,M,302.5,309.7,1570,36.5,221,0
1062,M_33710,M,298.0,309.8,1445,54.4,102,0
1063,M_39486,H,301.8,311.5,1418,22.8,6,0
1064,M_81907,L,300.9,312.1,1730,50.8,163,0
1065,M_81895,H,300.5,310.0,1126,51.5,162,0
1066,M_74435,M,300.9,308.8,1388,32.3,215,0
1067,M_50631,M,298.1,309.5,1469,25.5,166,0
1068,M_30103,M,297.6,311.0,1583,37.7,163,0
1069,M_74772,H,303.4,309.0,1670,44.0,108,0
1070,M_24382,L,299.7,309.8,1778,36.6,19,0
1071,M_94291,M,299.6,310.3,1486,45.0,48,0
1072,M_13756,M,297.8,309.1,1496,59.4,95,0
1073,M_30609,M,297.0,311.1,1554,26.4,58,1
1074,M_26478,H,299.8,310.7,1420,20.5,230,1
1075,M_49666,L,299.3,312.0,1322,39.3,176,0
1076,M_85683,H,300.0,310.8,1485,33.2,89,0
1077,M_81315,L,300.2,309.0,1611,35.2,25,0
1078,M_87834,L,305.0,310.5,1463,52.7,35,0
1079,M_24153,L,299.3,311.0,1562,38.8,170,0
1080,M_86325,L,303.2,311.0,1219,39.7,125,0
1081,M_22999,M,303.3,309.2,1502,35.6,226,1
1082,M_65318,L,301.5,309.1,1439,39.6,42,0
1083,M_10814,L,299.5,308.9,1308,42.7,98,0
1084,M_86077,H,297.3,311.6,1598,67.8,203,1
1085,M_12443,H,301.0,310.6,1776,42.8,32,0
1086,M_85993,H,302.0,309.2,1648,51.6,99,0
1087,M_85916,H,303.5,310.1,1658,41.9,205,0
1088,M_83319,M,298.1,309.9,1606,19.7,96,0
1089,M_27368,L,299.5,309.0,1596,34.3,237,1
1090,M_25328,L,298.1,310.0,1230,42.8,172,0
1091,M_66942,M,298.7,310.2,1480,47.2,44,0
1092,M_37306,L,301.3,311.9,1576,42.1,87,0
1093,M_95451,M,298.6,309.3,1579,49.2,142,0
1094,M_49915,L,298.4,308.3,1690,25.4,94,0
1095,M_47219,L,301.6,309.0,1345,40.5,16,0
1096,M_90879,M,300.9,309.1,1591,53.3,139,0
1097,M_74644,M,300.7,309.6,1340,30.3,21,0
1098,M_70279,M,298.7,309.0,1468,51.2,150,0
1099,M_63028,M,302.6,310.8,1490,50.7,89,0
1100,M_10126,L,300.0,308.9,1629,27.6,77,0
1101,M_62329,L,304.8,310.0,1611,43.4,139,0
1102,M_37632,H,300.3,312.0,1518,41.6,113,0
1103,M_75310,M,295.3,310.6,1177,38.2,67,0
1104,M_65176,L,295.2,310.5,1566,24.7,109,0
1105,M_96066,H,301.2,311.9,1459,37.4,178,0
1106,M_54327,L,302.6,311.2,1708,38.4,124,0
1107,M_78904,L,298.4,310.6,1673,23.0,140,0
1108,M_13797,L,304.2,309.7,1359,26.9,56,0
1109,M_57882,M,303.3,310.0,1587,30.7,54,0
1110,M_23718,M,300.4,309.9,1590,29.5,81,0
1111,M_44560,L,301.1,309.6,1579,43.3,106,0
1112,M_86589,H,301.8,310.2,1559,49.1,155,0
1113,M_32116,L,303.8,310.4,1594,36.9,101,0
1114,M_46244,L,301.4,308.8,1725,47.7,232,1
1115,M_11645,L,300.4,311.6,1417,49.5,171,0
1116,M_57523,L,301.3,310.4,1364,39.1,146,0
1117,M_29256,L,301.1,309.7,1617,44.1,173,0
1118,M_63173,M,301.8,310.2,1217,37.8,110,0
1119,M_47430,H,296.9,310.9,1598,28.8,106,0
1120,M_49282,M,300.6,308.5,1571,32.5,101,0
1121,M_73374,L,300.9,309.9,1148,43.3,237,1
1122,M_78244,L,299.9,308.8,1404,38.8,2,0
1123,M_21694,L,301.6,312.7,1736,47.4,210,0
1124,M_66264,L,303.8,310.1,1281,21.1,147,1
1125,M_85060,M,300.3,308.8,1531,23.5,24,0
1126,M_67545,L,301.4,313.6,1349,24.7,74,0
1127,M_49224,M,303.2,309.5,1393,41.7,183,0
1128,M_23224,H,300.3,309.8,1787,26.2,208,0
1129,M_50738,L,298.2,309.9,1518,43.2,60,0
1130,M_35150,H,301.2,309.2,1577,47.5,122,0
1131,M_73731,M,295.6,310.2,1483,55.2,240,1
1132,M_59688,M,295.4,307.8,1272,54.1,54,0
1133,M_83509,M,300.7,311.1,1322,33.0,162,0
1134,M_18577,L,295.3,308.9,1676,23.3,205,0
1135,M_18070,L,297.4,309.6,1522,33.7,186,0
1136,M_18666,L,299.2,310.8,1384,49.8,38,0
1137,M_67761,L,298.6,309.8,1496,36.1,184,0
1138,M_46368,M,299.7,309.8,1599,39.8,82,0
1139,M_16783,L,302.2,309.0,1568,34.4,194,0
1140,M_51914,H,300.5,312.1,1384,55.8,33,0
1141,M_80507,M,298.3,310.5,1263,29.9,249,1
1142,M_89026,L,302.7,308.9,1438,40.7,112,0
1143,M_77526,L,297.1,310.2,1666,51.1,168,0
1144,M_80835,H,300.4,308.8,1628,58.4,149,0
1145,M_55765,H,296.9,311.7,1561,33.1,229,1
1146,M_29956,M,300.5,310.2,1474,49.6,247,1
1147,M_97895,L,299.4,309.0,1422,33.7,26,0
1148,M_56240,L,302.2,310.7,1477,53.8,148,0
1149,M_47148,L,301.4,309.7,1617,57.3,168,0
1150,M_14757,L,298.8,308.7,1651,31.1,30,0
1151,M_29097,M,298.4,310.4,1460,46.5,154,0
1152,M_20395,M,299.4,310.4,1880,51.1,164,0
1153,M_26241,M,303.8,311.1,1513,37.1,193,0
1154,M_37696,H,303.2,310.1,1447,45.5,181,0
1155,M_80480,M,298.1,310.1,1721,46.0,238,1
1156,M_56163,L,301.6,310.2,1194,60.1,136,0
1157,M_29816,L,296.5,311.6,1572,20.3,82,0
1158,M_59840,H,299.1,309.7,1489,39.4,169,0
1159,M_62853,L,298.1,310.5,1717,27.5,163,0
1160,M_34917,H,302.1,310.6,1590,40.1,9,0
1161,M_31566,H,297.4,310.3,1520,32.2,186,0
1162,M_85452,L,300.9,309.7,1599,37.5,39,0
1163,M_72823,M,300.0,310.1,1341,31.3,53,0
1164,M_30806,H,299.6,309.9,1645,41.6,236,1
1165,M_85520,M,303.3,312.0,1298,50.7,166,0
1166,M_11759,H,303.5,309.5,1553,36.3,134,0
1167,M_51949,H,299.7,309.1,1505,54.3,3,0
1168,M_12482,L,299.3,310.0,1235,50.4,142,0
1169,M_34442,L,297.0,309.9,1510,60.3,203,0
1170,M_43719,H,300.0,310.2,1542,44.1,175,0
1171,M_68066,M,303.9,309.5,1401,39.4,5,0
1172,M_12079,L,299.7,310.1,1348,24.1,72,0
1173,M_12717,L,301.5,310.1,1573,32.2,162,0
1174,M_69676,M,297.2,310.9,1554,37.9,199,0
1175,M_37952,H,299.1,310.1,1534,39.1,198,0
1176,M_96444,H,300.9,310.1,1501,63.5,195,0
1177,M_52460,M,300.2,310.5,1415,37.9,57,0
1178,M_82847,L,301.6,310.9,1840,22.3,76,0
1179,M_99106,L,298.8,309.0,1455,46.6,18,0
1180,M_28449,H,296.5,308.7,1370,46.1,61,0
1181,M_43536,L,302.2,311.7,1508,35.4,70,0
1182,M_74077,L,298.1,310.7,1472,61.3,137,0
1183,M_48258,L,301.0,309.8,1451,21.0,24,0
1184,M_58302,M,300.9,310.0,1781,52.5,171,0
1185,M_38865,H,296.7,309.6,1330,37.1,249,1
1186,M_16645,L,302.1,310.2,1505,30.5,226,1
1187,M_48000,L,298.9,309.0,1340,64.0,126,0
1188,M_36737,M,300.1,310.8,1418,47.4,57,0
1189,M_21485,H,299.3,310.2,1760,37.0,152,0
1190,M_48565,L,303.2,310.2,1542,36.8,220,0
1191,M_35522,L,302.7,309.1,1540,42.8,119,0
1192,M_75155,L,296.4,310.5,1359,35.4,203,0
1193,M_65168,H,304.5,309.1,1436,53.0,242,1
1194,M_62487,L,298.6,309.3,1773,40.9,110,0
1195,M_22342,L,304.2,310.1,1574,50.2,167,0
1196,M_50806,M,299.5,312.5,1449,42.1,75,0
1197,M_58770,M,299.3,310.2,1566,48.7,243,1
1198,M_88623,L,299.5,307.4,1540,53.5,69,0
1199,M_85629,H,299.2,309.4,1374,56.8,137,0
1200,M_62603,L,305.0,310.7,1444,44.9,65,0
1201,M_91974,M,299.8,308.9,1838,31.3,119,0
1202,M_36399,L,299.4,310.8,1558,38.3,236,1
1203,M_95382,M,300.2,310.2,1264,39.7,152,0
1204,M_91244,L,298.1,311.0,1576,34.3,198,0
1205,M_86534,H,303.2,309.4,1695,32.6,231,1
1206,M_65106,M,297.1,309.4,1364,41.7,86,0
1207,M_40678,M,298.8,310.6,1431,30.2,239,1
1208,M_86218,M,301.9,310.0,1718,28.2,138,0
1209,M_73230,M,300.1,309.9,1505,23.1,121,0
1210,M_84055,L,301.1,311.6,1478,44.8,163,0
1211,M_66373,L,303.1,310.6,1299,43.4,48,0
1212,M_41480,H,302.0,308.0,1660,36.8,47,0
1213,M_95230,L,300.3,310.8,1471,49.9,114,0
1214,M_78836,M,304.2,310.7,1174,30.0,86,0
1215,M_82258,H,298.7,311.2,1264,43.8,234,1
1216,M_49986,L,299.8,309.1,1415,40.5,6,0
1217,M_34160,M,299.9,310.3,1339,32.6,218,0
1218,M_95595,L,299.8,310.1,1362,35.1,76,0
1219,M_89111,M,297.9,309.0,1851,34.3,178,0
1220,M_74929,L,296.8,310.9,1606,42.5,144,0
1221,M_83506,L,300.8,309.8,1113,45.9,159,0
1222,M_44911,M,298.7,311.2,1452,35.7,153,0
1223,M_97127,H,303.8,309.3,1486,32.9,120,0
1224,M_41821,M,299.9,308.5,1278,41.4,123,0
1225,M_85039,M,299.5,309.8,1580,23.5,149,0
1226,M_70535,L,302.2,310.2,1193,40.3,140,0
1227,M_94458,M,300.8,309.5,1664,55.6,124,0
1228,M_22175,L,299.6,306.9,1716,33.0,11,0
1229,M_64771,H,298.7,310.4,1852,38.2,70,0
1230,M_96925,H,307.3,310.4,1263,50.2,0,0
1231,M_76358,M,300.7,310.7,1294,47.5,160,0
1232,M_27327,H,302.2,309.6,1603,40.6,243,1
1233,M_57057,L,298.0,309.6,1677,39.4,118,0
1234,M_16150,M,298.8,311.4,1621,27.6,141,0
1235,M_14425,L,304.2,308.4,1661,44.9,110,0
1236,M_26032,H,302.8,309.8,1706,26.6,63,0
1237,M_12198,L,300.9,310.1,1530,19.3,42,0
1238,M_70500,M,299.2,310.6,1468,50.1,247,1
1239,M_63394,H,299.5,310.2,1294,43.9,185,0
1240,M_30079,L,298.6,309.1,1455,48.8,40,0
1241,M_46220,L,297.7,311.2,1478,32.6,208,0
1242,M_51874,M,301.8,310.0,1357,44.7,195,0
1243,M_23859,L,301.1,308.3,1494,35.6,243,1
1244,M_60460,L,301.5,310.2,1340,36.7,114,0
1245,M_41419,L,299.3,310.5,1666,49.7,38,0
1246,M_18705,L,300.5,312.0,1563,38.5,0,0
1247,M_52880,H,299.1,310.4,1431,33.0,40,0
1248,M_33236,M,298.5,308.5,1528,26.3,172,0
1249,M_97955,L,303.3,308.6,1334,43.6,87,0
1250,M_95514,L,300.2,311.3,1349,50.6,225,0
1251,M_25358,L,301.0,309.2,1404,32.2,97,0
1252,M_86918,L,301.7,308.5,1471,46.9,87,0
1253,M_24596,L,300.3,311.0,1521,30.6,78,0
1254,M_43572,L,300.5,309.5,1521,47.5,208,0
1255,M_88757,L,297.8,310.9,1302,40.3,140,0
1256,M_11279,M,298.2,309.1,1487,42.7,70,0
1257,M_73197,L,298.1,311.5,1377,33.0,136,0
1258,M_72516,M,301.2,310.9,988,43.6,235,1
1259,M_17083,M,300.1,309.3,1961,34.0,190,0
1260,M_27771,M,298.2,308.3,1380,35.9,98,0
1261,M_39975,M,301.2,312.3,1388,24.8,150,0
1262,M_55648,M,301.1,309.8,1298,32.3,181,0
1263,M_58285,H,298.6,309.2,1341,34.7,174,0
1264,M_29063,M,299.9,311.4,1471,43.1,166,0
1265,M_77642,M,301.1,310.9,1702,46.0,86,0
1266,M_96143,H,298.3,311.2,1470,33.9,153,0
1267,M_47599,M,301.1,309.9,1451,38.4,0,0
1268,M_61920,L,300.6,311.9,1680,56.9,141,0
1269,M_38529,L,298.0,308.7,1421,41.3,223,0
1270,M_45954,L,300.4,309.4,1503,34.6,242,1
1271,M_37856,H,300.7,310.4,1361,23.2,111,0
1272,M_12573,M,298.7,311.2,1752,31.5,73,0
1273,M_88344,H,298.9,310.7,1657,31.1,64,0
1274,M_45367,M,298.0,309.9,1477,59.8,68,0
1275,M_70774,L,299.1,309.5,1440,31.5,66,0
1276,M_33752,L,300.0,311.2,1495,40.5,176,0
1277,M_65029,M,298.9,310.8,1479,43.7,49,0
1278,M_27685,M,297.0,309.1,1267,51.1,57,0
1279,M_61693,H,298.6,309.1,1662,40.1,52,0
1280,M_65961,L,299.2,309.5,1465,34.9,90,0
1281,M_86908,M,301.6,309.3,1784,34.2,114,0
1282,M_84532,M,301.2,311.0,1563,43.6,117,0
1283,M_91994,M,301.7,310.4,1121,33.2,56,0
1284,M_66133,M,298.5,310.6,1307,29.0,85,0
1285,M_71268,M,300.3,310.2,1178,34.9,17,0
1286,M_48243,L,295.2,310.2,1305,26.8,15,0
1287,M_67384,M,300.9,308.4,1254,58.5,129,0
1288,M_41653,M,301.2,310.8,1537,46.0,238,1
1289,M_36657,H,299.3,309.4,1452,56.2,12,0
1290,M_49952,H,300.6,310.0,1611,44.9,172,1
1291,M_32180,L,297.0,309.5,1494,55.2,79,1
1292,M_88411,L,298.4,310.1,1463,43.7,199,0
1293,M_11622,H,301.5,310.6,1800,47.3,42,0
1294,M_58756,M,301.0,309.0,1533,18.7,199,0
1295,M_50809,H,299.2,310.3,1487,30.9,53,0
1296,M_26725,L,301.6,309.6,1371,40.4,201,0
1297,M_71396,M,300.3,311.3,1323,40.6,246,1
1298,M_61226,H,299.0,308.9,1615,39.2,224,0
1299,M_91182,H,299.6,309.0,1606,44.5,158,0
1300,M_92565,L,299.1,309.6,1735,44.9,203,0
1301,M_39402,M,297.6,309.1,1571,48.7,136,0
1302,M_14263,M,302.5,309.8,1441,46.7,228,1
1303,M_56828,L,298.9,309.5,1576,52.0,72,0
1304,M_57924,M,298.3,310.1,1487,52.1,47,0
1305,M_84182,M,296.9,311.0,1629,41.7,17,0
1306,M_69052,H,294.7,310.1,1700,60.8,221,0
1307,M_21664,L,301.4,310.2,1474,53.6,223,0
1308,M_45737,L,301.6,308.9,1763,31.9,231,1
1309,M_99563,L,302.4,309.9,1678,43.9,214,0
1310,M_39373,L,299.7,309.6,1502,21.6,10,0
1311,M_46397,L,299.4,310.7,1600,23.3,189,0
1312,M_96145,M,299.0,309.2,1545,35.0,83,0
1313,M_48709,L,299.2,309.1,1503,31.2,18,0
1314,M_71120,H,302.2,310.3,1786,35.1,99,0
1315,M_29250,H,299.9,312.0,1577,43.3,115,0
1316,M_31172,M,300.8,309.8,1373,52.3,89,0
1317,M_21555,H,299.1,310.2,1345,51.7,73,0
1318,M_97410,M,302.6,310.9,1351,44.1,23,0
1319,M_88617,M,296.2,310.5,1573,29.1,12,0
1320,M_63276,L,297.6,310.5,1448,34.4,124,0
1321,M_67492,L,300.8,309.9,1549,46.4,115,0
1322,M_63002,M,303.5,309.9,1640,31.7,173,0
1323,M_99599,H,299.5,309.2,1804,27.3,180,0
1324,M_82355,L,298.3,310.5,1452,44.9,225,0
1325,M_34762,H,302.0,310.5,1288,39.5,156,0
1326,M_21046,M,300.6,310.7,1768,37.9,163,0
1327,M_38769,L,302.6,309.5,1281,51.1,70,0
1328,M_63302,H,297.4,310.8,1275,50.9,242,1
1329,M_33150,M,302.4,311.1,1764,57.8,221,0
1330,M_78247,L,296.9,308.8,1659,33.5,125,0
1331,M_14853,M,299.4,309.7,1572,44.3,144,0
1332,M_99399,L,300.8,311.2,1492,40.2,175,0
1333,M_31792,M,300.4,309.4,1464,43.4,204,0
1334,M_69129,L,302.1,310.5,1402,28.7,247,1
1335,M_84478,L,296.3,310.0,1457,26.0,151,0
1336,M_77298,H,300.3,310.3,1492,39.6,181,0
1337,M_41987,M,302.4,310.0,1293,31.6,118,0
1338,M_25850,L,300.1,310.7,1376,49.4,222,0
1339,M_22112,L,297.7,309.0,1183,25.0,249,1
1340,M_34058,H,302.0,309.1,1511,25.8,90,0
1341,M_55420,L,298.7,311.5,1511,35.8,241,1
1342,M_48890,L,298.4,312.1,1766,24.6,84,0
1343,M_76017,L,298.1,310.0,1556,56.8,107,0
1344,M_57304,L,299.6,311.7,1416,38.2,246,1
1345,M_42921,H,300.4,309.2,1469,34.0,126,0
1346,M_11524,M,297.5,309.5,1573,44.7,120,0
1347,M_25048,L,297.9,311.5,1534,48.8,128,0
1348,M_45111,M,298.6,310.8,1586,42.1,206,0
1349,M_47904,L,298.1,311.6,1556,39.3,194,0
1350,M_64912,H,300.1,310.5,1462,30.2,5,0
1351,M_44008,H,300.7,309.0,1419,46.3,77,0
1352,M_10060,L,300.4,310.2,1411,54.2,182,0
1353,M_84666,H,300.5,311.2,1361,37.8,37,0
1354,M_93559,M,303.3,309.9,1337,31.5,160,0
1355,M_65337,L,300.8,309.7,1775,41.8,115,0
1356,M_23350,L,301.6,310.5,1518,40.0,101,0
1357,M_34354,L,299.2,309.4,1476,27.8,7,0
1358,M_55186,M,301.9,310.3,1425,35.0,217,0
1359,M_38145,H,299.1,310.1,1564,57.9,206,0
1360,M_44020,M,300.8,309.5,1680,26.5,77,0
1361,M_96123,H,297.3,311.0,1608,33.1,111,0
1362,M_85186,M,300.3,310.6,1638,30.5,147,0
1363,M_95469,H,298.0,309.6,1412,31.4,54,0
1364,M_30581,M,301.9,310.0,1499,35.5,47,0
1365,M_98929,L,301.8,309.7,1413,44.5,210,0
1366,M_33051,M,299.1,309.4,1516,53.1,183,0
1367,M_61474,H,304.1,308.3,1690,42.0,224,0
1368,M_79626,L,299.4,309.5,1565,33.2,227,1
1369,M_16960,H,296.8,309.4,1744,55.4,87,0
1370,M_45772,L,298.4,310.1,1456,19.3,9,0
1371,M_31520,M,297.9,310.4,1378,46.7,51,0
1372,M_59481,H,300.8,309.2,1576,29.7,177,0
1373,M_46408,L,297.5,310.4,1517,39.5,33,0
1374,M_67134,L,298.9,309.0,1548,45.6,163,0
1375,M_30491,L,300.6,309.9,1525,23.9,238,1
1376,M_11341,H,300.3,309.4,1427,41.4,60,0
1377,M_54623,L,300.0,310.7,1529,42.2,227,1
1378,M_10338,H,300.3,310.1,1646,54.6,143,0
1379,M_81431,L,299.3,309.9,1661,67.2,78,1
1380,M_22254,H,296.8,309.4,1426,24.5,17,0
1381,M_61860,H,299.2,309.7,1534,54.2,70,0
1382,M_21344,L,300.9,311.8,1721,39.6,174,0
1383,M_11750,M,299.7,309.5,1429,31.9,85,0
1384,M_64756,L,300.8,310.5,1402,43.7,31,0
1385,M_77957,M,298.8,309.9,1619,27.0,42,0
1386,M_68053,L,302.0,310.5,1592,27.6,82,0
1387,M_80855,L,294.9,310.8,1374,22.6,167,0
1388,M_25896,L,300.3,309.6,1290,45.5,247,1
1389,M_65761,L,302.7,310.7,1531,43.3,192,0
1390,M_72552,L,303.0,312.8,1437,31.9,162,0
1391,M_87454,M,299.5,310.6,1247,55.2,68,0
1392,M_37935,H,297.3,311.6,1396,33.4,49,0
1393,M_47641,L,302.7,310.5,1590,52.8,11,0
1394,M_39711,M,299.9,309.1,1477,41.2,203,0
1395,M_80342,L,299.7,310.3,1734,33.2,84,0
1396,M_22182,H,298.2,309.7,1186,38.9,122,0
1397,M_97833,H,297.5,309.4,1700,27.5,57,0
1398,M_66276,H,301.1,309.9,1448,42.2,82,0
1399,M_29541,H,301.3,309.8,1426,40.3,190,0
1400,M_92310,L,300.4,308.9,1267,45.3,200,0
1401,M_54813,H,298.5,312.7,1569,48.8,234,1
1402,M_47198,M,297.9,310.8,1225,41.2,176,0
1403,M_18820,L,297.1,310.2,1622,25.2,111,0
1404,M_34070,H,298.9,310.1,1272,49.3,127,0
1405,M_79768,L,298.0,311.2,1296,40.1,35,0
1406,M_21122,M,296.6,312.1,1321,21.1,233,1
1407,M_90559,L,301.3,310.7,1392,43.1,53,0
1408,M_83543,L,297.4,310.1,1641,43.9,46,0
1409,M_93441,M,302.0,311.5,1725,36.4,248,1
1410,M_51786,M,300.8,310.1,1408,38.0,114,0
1411,M_16737,L,300.6,310.4,1493,34.0,159,0
1412,M_46062,L,303.3,311.0,1573,44.2,226,1
1413,M_64237,H,297.4,309.6,1450,41.4,222,0
1414,M_61571,L,301.7,307.9,1567,30.9,123,0
1415,M_35510,L,299.4,309.6,1499,56.2,180,0
1416,M_29426,H,305.1,310.8,1461,33.3,246,1
1417,M_47265,H,299.2,310.7,1287,12.9,159,0
1418,M_27850,L,298.9,311.3,1522,35.3,189,0
1419,M_76150,M,300.9,309.6,1643,50.3,164,0
1420,M_97312,H,299.6,311.6,1383,37.9,95,0
1421,M_99613,H,298.5,310.2,1204,23.7,106,0
1422,M_84910,M,298.1,310.6,1452,29.7,119,0
1423,M_62375,L,302.9,310.9,1726,29.2,100,0
1424,M_45435,L,297.7,308.6,1681,34.2,102,0
1425,M_67132,L,300.4,309.0,1412,37.4,165,0
1426,M_88945,M,302.1,309.0,1568,44.9,157,0
1427,M_92050,L,302.2,311.1,1592,41.3,185,0
1428,M_12983,M,298.8,309.7,1723,41.8,31,0
1429,M_30662,L,299.6,312.0,1267,57.8,236,1
1430,M_33510,L,299.2,310.0,1339,48.6,65,0
1431,M_88187,H,296.9,308.5,1198,47.7,178,0
1432,M_50998,L,301.1,309.3,1398,21.9,10,0
1433,M_66846,L,300.1,310.1,1659,32.5,186,0
1434,M_16640,H,302.9,310.5,1416,24.0,147,0
1435,M_54547,L,298.4,309.0,1303,32.3,36,0
1436,M_64620,M,302.2,310.6,1533,47.9,200,0
1437,M_25317,M,302.3,310.8,1537,36.1,101,0
1438,M_17564,L,300.1,309.4,1347,50.7,48,0
1439,M_37345,H,295.7,312.0,1424,46.9,18,0
1440,M_89273,M,299.0,309.5,1522,40.5,182,0
1441,M_84859,L,303.6,309.0,1611,51.0,167,0
1442,M_90765,L,300.6,308.5,1402,53.6,6,0
1443,M_84038,L,301.4,311.2,1381,44.5,132,0
1444,M_62393,H,299.8,310.0,1786,42.3,238,1
1445,M_76081,L,299.6,309.5,1458,46.3,41,0
1446,M_39430,M,296.3,308.5,1537,25.9,87,0
1447,M_85532,M,301.6,309.6,1597,38.8,175,0
1448,M_37788,M,302.2,312.4,1231,39.8,232,1
1449,M_58543,L,298.1,307.9,1497,36.3,134,0
1450,M_23919,L,299.6,309.4,1253,32.1,10,0
1451,M_79346,M,299.4,311.8,1480,50.0,200,0
1452,M_49974,L,300.8,311.2,1705,41.7,176,0
1453,M_26371,L,298.9,309.4,1350,42.6,157,0
1454,M_55084,L,301.9,310.2,1250,54.2,40,0
1455,M_39629,L,300.1,310.5,1783,38.0,2,0
1456,M_61184,H,294.9,310.1,1327,36.1,213,0
1457,M_71916,L,300.9,311.8,1275,53.6,39,0
1458,M_83972,L,302.0,310.3,1742,25.1,50,0
1459,M_72187,L,297.7,311.1,1322,40.5,211,0
1460,M_22984,M,300.8,310.2,1746,32.6,31,0
1461,M_43039,M,303.7,308.0,1541,42.9,47,0
1462,M_95431,L,300.2,308.8,1692,45.7,70,0
1463,M_93691,M,302.3,309.0,1527,46.3,198,0
1464,M_68606,M,299.1,309.8,1661,50.3,147,0
1465,M_20616,H,300.0,312.1,1362,37.5,88,0
1466,M_60072,H,299.6,310.4,1407,38.1,108,0
1467,M_34574,L,299.2,309.9,1182,45.3,34,0
1468,M_13430,L,299.7,311.2,1645,48.9,107,0
1469,M_22676,L,296.7,308.5,1562,27.0,151,0
1470,M_20816,L,299.3,309.5,1348,43.1,39,0
1471,M_42733,H,302.7,309.4,1237,36.0,204,0
1472,M_95680,L,298.1,310.4,1542,40.9,51,0
1473,M_12050,L,297.9,310.9,1751,36.4,111,0
1474,M_43933,M,300.1,310.5,1479,32.8,38,0
1475,M_34951,M,300.2,310.5,1401,29.8,67,0
1476,M_42413,L,300.8,309.6,1359,38.5,188,0
1477,M_44801,L,299.8,310.3,1687,43.6,75,0
1478,M_65619,L,300.1,309.2,1383,34.0,208,0
1479,M_42913,M,299.3,310.7,1444,51.9,64,0
1480,M_50600,L,297.4,309.5,1656,64.6,61,0
1481,M_67775,L,299.9,308.9,1595,44.1,208,0
1482,M_45400,M,301.4,310.0,1450,39.6,1,0
1483,M_14494,L,301.0,308.1,1395,30.9,133,0
1484,M_90688,M,296.5,311.5,1719,43.7,235,1
1485,M_99431,L,300.5,310.8,1332,54.8,121,0
1486,M_84691,L,298.2,310.3,1468,59.5,74,0
1487,M_53001,H,302.8,308.4,1274,54.0,244,1
1488,M_77364,M,300.7,309.3,1678,48.4,170,0
1489,M_55028,L,301.8,310.0,1428,44.1,209,0
1490,M_47573,M,300.0,309.7,1395,29.5,39,0
1491,M_10806,M,299.9,308.3,1599,39.0,88,0
1492,M_66638,M,303.0,308.7,1286,37.8,166,0
1493,M_39757,L,301.9,309.7,1595,39.1,27,0
1494,M_44636,H,300.2,308.7,1445,32.8,237,1
1495,M_90097,L,299.6,311.4,1319,47.6,79,0
1496,M_58280,L,296.6,310.5,1351,37.3,62,0
1497,M_34262,L,300.6,309.2,1397,36.4,191,0
1498,M_90435,L,299.7,311.2,1433,32.8,139,0
1499,M_72211,H,301.1,311.0,1320,42.3,40,0
1500,M_64842,L,301.7,310.3,1544,55.0,243,1
1501,M_66979,L,302.5,310.0,1316,39.9,28,0
1502,M_91470,H,300.7,309.7,1145,42.8,22,0
1503,M_48197,L,297.9,309.5,1787,59.4,212,0
1504,M_51844,L,295.7,308.7,1529,52.0,79,0
1505,M_74754,L,298.4,311.5,1801,45.9,244,1
1506,M_44157,L,302.7,309.5,1343,45.5,50,0
1507,M_87129,L,303.6,310.0,1571,34.0,111,0
1508,M_50042,M,299.5,309.1,1634,33.0,104,0
1509,M_71665,L,297.1,309.7,1471,41.4,44,0
1510,M_92856,L,298.7,312.9,1283,41.7,89,0
1511,M_37376,M,302.3,309.3,1460,31.5,228,1
1512,M_65554,M,298.8,311.4,1593,47.0,149,0
1513,M_24199,L,301.2,310.0,1588,37.2,242,1
1514,M_91412,M,300.3,310.7,1499,51.3,137,0
1515,M_60948,L,301.4,311.2,1634,39.4,134,0
1516,M_83781,L,303.6,310.3,1627,38.6,200,0
1517,M_82750,M,301.2,309.6,1421,30.6,88,0
1518,M_76262,L,300.3,309.8,1271,31.7,237,1
1519,M_56600,H,303.9,309.8,1528,53.2,14,0
1520,M_86898,L,300.7,311.9,1388,42.7,76,0
1521,M_72483,M,298.4,308.5,1521,43.9,105,0
1522,M_28297,L,301.4,308.2,1701,56.0,173,0
1523,M_40448,M,300.9,308.3,1565,26.8,89,0
1524,M_36172,M,299.4,309.1,1694,46.7,212,0
1525,M_52874,H,299.0,310.7,1348,24.1,86,0
1526,M_17657,L,299.4,310.8,1663,35.6,60,0
1527,M_94386,M,298.9,309.4,1751,28.5,107,0
1528,M_35425,M,299.5,310.0,1509,48.6,219,0
1529,M_36685,M,298.3,308.9,1848,21.1,60,0
1530,M_34578,M,300.8,309.0,1371,37.7,50,0
1531,M_38831,M,300.6,310.6,1404,28.4,165,0
1532,M_17906,L,300.7,311.0,1597,31.5,11,0
1533,M_71413,L,299.9,309.5,1508,33.0,215,0
1534,M_64028,L,299.6,311.6,1388,53.2,76,0
1535,M_17287,L,302.9,311.0,1592,36.6,231,1
1536,M_43660,H,300.1,311.6,1553,57.3,111,0
1537,M_85758,M,302.5,309.7,1412,59.4,65,0
1538,M_70504,H,298.0,311.5,1528,61.1,181,0
1539,M_69720,L,301.2,312.2,1613,39.4,166,0
1540,M_44701,H,298.5,309.6,1408,42.1,203,0
1541,M_93300,H,298.9,309.8,1577,43.8,166,0
1542,M_27674,M,299.2,309.1,1369,36.3,114,0
1543,M_93560,M,299.1,308.9,1398,44.2,205,0
1544,M_33874,L,299.1,308.9,1666,30.6,29,0
1545,M_53642,H,302.4,309.2,1592,21.2,104,0
1546,M_75160,M,300.1,310.3,1216,47.1,241,1
1547,M_27602,L,300.5,309.2,1443,36.5,234,1
1548,M_98801,L,299.1,310.2,1573,30.2,175,0
1549,M_35931,H,301.7,310.3,1520,31.5,210,0
1550,M_39192,H,300.7,309.5,1592,55.2,30,0
1551,M_56542,H,299.4,309.9,1517,44.6,234,1
1552,M_52520,M,296.8,309.5,1480,24.8,241,1
1553,M_74772,L,300.4,309.7,1475,28.1,234,1
1554,M_68762,L,301.2,309.2,1663,37.1,152,0
1555,M_60106,L,298.0,310.1,1604,44.8,195,0
1556,M_91121,L,299.4,309.4,1560,32.1,241,1
1557,M_35559,L,301.1,308.8,1513,38.3,178,0
1558,M_43742,L,296.9,310.6,1417,41.1,12,0
1559,M_79669,L,298.7,310.6,1453,41.4,227,1
1560,M_90199,H,300.8,311.1,1659,16.0,190,0
1561,M_31754,L,302.2,309.0,1645,42.2,127,0
1562,M_13972,H,304.4,309.5,1402,22.7,169,0
1563,M_80831,M,303.9,310.2,1514,37.1,181,0
1564,M_51873,L,300.3,309.5,1574,35.0,100,0
1565,M_19903,L,299.0,310.6,1564,29.2,66,0
1566,M_13020,L,301.8,310.5,1563,48.4,79,0
1567,M_51755,L,298.9,310.5,1333,28.8,217,0
1568,M_95956,M,298.5,311.5,1324,34.8,231,1
1569,M_96988,L,299.4,310.6,1675,48.8,183,0
1570,M_55648,L,299.1,310.2,1726,34.5,102,0
1571,M_19516,L,300.8,309.8,1277,32.4,18,0
1572,M_12396,H,298.8,309.9,1495,37.3,173,0
1573,M_94082,M,300.2,308.9,1622,45.4,142,0
1574,M_29129,M,303.2,308.2,1169,54.5,31,0
1575,M_11591,L,300.2,310.5,1338,30.6,176,0
1576,M_21303,M,303.0,311.2,1486,31.4,148,0
1577,M_40561,M,302.4,309.7,1410,37.2,64,0
1578,M_81719,M,301.2,311.6,1531,42.3,197,0
1579,M_96231,H,299.3,309.8,1720,32.3,26,0
1580,M_17314,L,302.1,308.0,1372,46.9,150,0
1581,M_29623,H,299.5,310.9,1507,30.8,46,0
1582,M_77675,H,300.0,309.5,1448,21.0,222,0
1583,M_75082,L,300.7,311.0,1520,45.3,11,0
1584,M_93624,L,300.0,308.7,1500,46.5,84,0
1585,M_43130,H,298.6,310.4,1895,50.4,243,1
1586,M_61756,L,296.9,309.2,1723,20.1,65,0
1587,M_36292,M,301.9,310.2,1262,33.3,132,0
1588,M_96206,H,301.1,310.8,1364,37.5,136,0
1589,M_79274,M,296.6,310.5,1383,57.6,147,0
1590,M_12469,L,298.5,310.1,1314,38.4,109,0
1591,M_63947,M,300.4,308.6,1294,26.5,81,0
1592,M_32534,L,300.9,310.7,1473,43.0,124,0
1593,M_73620,M,297.0,311.0,1389,53.1,62,0
1594,M_58874,L,299.8,309.0,1366,51.0,213,0
1595,M_59708,M,301.1,309.1,1803,45.6,71,0
1596,M_84553,M,299.3,311.1,1399,42.6,97,0
1597,M_78344,M,300.5,309.8,1433,17.3,72,0
1598,M_59138,M,299.0,309.1,1611,40.3,70,0
1599,M_64302,M,301.8,310.3,1433,41.8,29,0
1600,M_57638,M,298.4,309.4,1325,38.4,124,0
1601,M_88249,L,297.7,310.2,1461,47.1,209,0
1602,M_12719,M,300.1,309.6,1801,38.2,218,0
1603,M_32890,L,297.1,309.7,1427,36.3,15,0
1604,M_87236,H,295.8,311.1,1363,50.4,212,0
1605,M_46509,L,302.2,307.5,1563,35.9,132,0
1606,M_52534,L,298.0,310.6,1454,40.6,246,1
1607,M_28787,M,297.3,310.9,1910,49.0,156,0
1608,M_58845,L,298.4,309.4,1381,29.9,46,0
1609,M_67932,L,298.3,310.9,1760,28.8,100,0
1610,M_43062,M,299.7,309.0,1674,53.6,106,0
1611,M_85713,M,297.8,309.3,1442,34.1,125,0
1612,M_97263,M,301.0,309.2,1499,46.9,21,0
1613,M_70461,L,301.3,311.0,1345,22.2,205,0
1614,M_85418,M,297.5,308.3,1419,15.0,184,0
1615,M_76672,L,298.8,311.6,1441,43.6,82,0
1616,M_44832,M,299.0,309.7,1523,38.7,162,0
1617,M_41966,M,299.7,310.6,1288,43.7,215,0
1618,M_82545,M,302.2,310.5,1546,58.7,233,1
1619,M_22987,L,302.3,310.2,1478,27.6,59,0
1620,M_47311,L,305.0,309.4,1559,40.4,197,0
1621,M_41575,L,295.5,311.2,1582,54.8,187,0
1622,M_73852,L,298.2,309.5,1466,29.1,57,0
1623,M_11007,L,303.6,309.3,1573,34.2,2,0
1624,M_80981,M,296.4,310.9,1486,22.3,161,0
1625,M_86242,L,303.6,310.1,1611,62.4,44,0
1626,M_57517,H,300.3,311.4,1547,18.0,49,0
1627,M_39257,L,300.4,309.9,1527,48.0,1,0
1628,M_97272,M,297.4,309.3,1484,26.8,14,0
1629,M_52207,M,299.1,310.3,1694,29.5,164,0
1630,M_23281,L,303.5,309.6,1560,50.6,142,0
1631,M_71246,L,299.9,309.4,1301,32.6,187,0
1632,M_11435,M,299.1,310.8,1429,46.5,95,0
1633,M_36660,L,300.8,311.8,1465,53.8,84,0
1634,M_15084,H,299.6,309.8,1499,42.0,191,0
1635,M_92197,M,300.7,309.0,1526,48.9,208,0
1636,M_23507,H,298.3,309.8,1358,40.8,225,0
1637,M_82595,L,299.8,310.5,1489,41.3,223,0
1638,M_93807,M,298.7,310.3,1452,33.7,241,1
1639,M_55539,M,296.4,311.2,1662,59.3,110,0
1640,M_17491,M,301.0,310.7,1350,47.4,179,0
1641,M_60192,L,297.5,308.9,1497,45.2,22,0
1642,M_90395,M,299.7,309.5,1397,47.7,98,0
1643,M_73888,L,301.9,308.6,1779,33.2,36,0
1644,M_83609,M,297.0,311.1,1688,49.3,106,0
1645,M_19077,L,301.2,308.0,1253,55.6,40,0
1646,M_30953,H,299.4,308.7,1380,26.2,228,1
1647,M_86919,L,298.1,309.5,1630,45.4,56,0
1648,M_77889,H,304.0,310.6,1568,40.6,96,0
1649,M_33821,H,300.0,309.5,1563,34.8,24,0
1650,M_47567,H,298.9,309.6,1528,29.1,109,0
1651,M_34860,M,298.4,309.7,1642,50.5,36,0
1652,M_31195,L,301.8,310.2,1617,42.1,39,0
1653,M_87475,H,298.8,308.8,1456,37.9,84,0
1654,M_97266,L,301.5,309.1,1320,45.4,45,0
1655,M_31427,M,300.0,311.7,1246,38.7,187,0
1656,M_37083,M,302.2,310.4,1484,33.0,239,1
1657,M_97046,M,297.9,310.8,1224,41.3,101,0
1658,M_67372,L,298.2,310.1,1537,39.7,231,1
1659,M_54064,M,299.4,309.9,1453,22.3,97,0
1660,M_17813,H,299.6,310.5,1791,33.7,18,0
1661,M_41598,L,299.3,310.7,1551,27.4,90,0
1662,M_37082,H,305.3,310.8,1495,23.5,136,0
1663,M_39241,L,304.1,309.9,1257,44.7,68,0
1664,M_54569,L,300.6,311.0,1310,33.3,4,0
1665,M_21745,L,300.8,307.5,1602,50.4,216,0
1666,M_36029,L,299.5,310.9,1453,21.7,153,0
1667,M_23025,H,297.9,309.6,1880,37.0,146,0
1668,M_24288,L,299.6,310.6,1487,33.8,157,0
1669,M_99186,L,301.5,309.4,1525,24.2,227,1
1670,M_16540,L,302.6,308.7,1302,40.1,47,0
1671,M_91958,M,302.0,310.3,1642,25.1,111,0
1672,M_78878,M,297.0,308.5,1361,42.2,143,0
1673,M_51846,L,299.4,309.6,1578,47.2,198,0
1674,M_85932,L,297.1,309.2,1621,42.7,17,0
1675,M_27482,H,302.3,309.8,1514,43.9,183,0
1676,M_33411,L,299.2,310.8,1763,50.3,148,0
1677,M_60975,L,299.9,309.5,1408,39.7,30,0
1678,M_70545,L,301.0,310.3,1751,31.7,128,0
1679,M_88797,M,305.5,310.7,1309,33.9,130,0
1680,M_62307,L,300.5,309.4,1619,34.1,222,0
1681,M_13093,M,299.5,309.4,1478,29.6,24,0
1682,M_87258,L,297.5,311.4,1393,47.8,244,1
1683,M_32042,H,302.9,309.9,1250,45.3,7,0
1684,M_62930,L,299.6,310.5,1460,23.3,192,0
1685,M_54413,M,303.3,310.5,1451,31.7,61,0
1686,M_43756,L,302.2,308.8,1525,29.1,134,0
1687,M_63268,L,299.1,309.2,1608,43.2,6,0
1688,M_49214,M,297.2,310.4,1378,50.8,135,0
1689,M_91871,L,300.5,307.9,1763,44.5,18,0
1690,M_38602,H,298.8,309.8,1419,33.0,144,0
1691,M_63331,H,300.1,309.1,1590,36.8,138,0
1692,M_58901,H,302.1,311.1,1513,26.1,110,0
1693,M_73416,L,296.7,310.3,1470,26.8,232,1
1694,M_42196,M,300.5,311.2,1506,48.5,176,0
1695,M_15626,L,301.5,310.0,1358,54.4,10,0
1696,M_17424,H,301.6,309.9,1441,32.9,229,1
1697,M_22857,M,297.3,309.7,1299,40.5,40,0
1698,M_29982,H,300.8,309.5,1417,47.2,189,0
1699,M_86961,L,302.4,312.7,1429,23.4,113,0
1700,M_11980,M,300.7,310.8,1626,29.5,179,0
1701,M_58290,L,299.8,308.9,1450,59.9,193,0
1702,M_36431,M,302.3,312.6,1432,30.4,195,0
1703,M_94976,L,298.6,309.6,1533,36.4,241,1
1704,M_92711,M,296.9,310.3,1527,34.0,91,0
1705,M_36385,M,299.6,310.9,1411,20.1,224,0
1706,M_48158,M,301.1,308.5,1559,40.8,74,0
1707,M_33019,L,302.1,309.2,1473,39.7,66,0
1708,M_28639,M,301.1,311.6,1411,41.8,167,1
1709,M_95530,L,301.7,309.8,1425,39.2,4,0
1710,M_31563,L,302.1,311.0,1642,35.4,115,0
1711,M_49341,L,299.3,309.5,1430,34.8,212,0
1712,M_15776,L,299.7,309.9,1539,35.0,149,0
1713,M_46444,L,302.6,311.8,1307,30.1,117,0
1714,M_78916,M,297.6,310.4,1667,31.7,164,0
1715,M_18711,L,300.9,309.7,1412,30.3,10,0
1716,M_84318,L,298.6,309.3,1560,45.7,43,0
1717,M_92970,H,302.2,309.4,1462,43.1,213,0
1718,M_95553,L,300.0,311.2,1558,40.3,232,1
1719,M_40707,M,300.0,310.8,1566,59.4,180,0
1720,M_49110,M,303.5,308.9,1478,30.7,76,0
1721,M_71788,H,297.8,310.1,1220,51.2,117,0
1722,M_92879,M,300.4,309.9,1663,37.4,115,0
1723,M_48827,M,299.6,310.3,1479,41.6,188,0
1724,M_15655,H,301.1,309.4,1555,46.7,66,0
1725,M_54859,L,303.9,311.1,1603,35.2,12,0
1726,M_63625,H,298.8,310.0,1431,29.4,91,0
1727,M_62098,L,297.6,310.4,1577,31.1,245,1
1728,M_25251,H,298.4,309.2,1387,18.9,10,0
1729,M_10526,L,299.5,309.3,1558,46.1,138,0
1730,M_78760,M,300.1,312.7,1502,45.8,84,0
1731,M_57837,L,300.2,311.8,1436,55.8,243,1
1732,M_21536,M,303.6,309.9,1507,44.1,84,0
1733,M_38541,L,303.2,311.5,1341,46.6,134,0
1734,M_89083,H,302.6,311.2,1546,39.2,16,0
1735,M_61027,H,305.0,309.4,1561,44.6,47,0
1736,M_44531,L,301.6,309.3,1551,50.9,141,0
1737,M_18712,H,302.2,310.7,1725,41.8,190,0
1738,M_75455,M,301.6,310.3,1485,34.8,191,0
1739,M_84744,M,301.3,309.6,1496,37.8,96,0
1740,M_15109,L,300.8,310.7,1324,47.5,74,0
1741,M_59268,L,299.2,308.6,1735,35.1,204,0
1742,M_64615,L,297.5,310.1,1275,48.9,192,0
1743,M_92503,L,299.7,308.8,1534,59.1,161,0
1744,M_39759,H,301.1,308.8,1407,49.0,136,0
1745,M_95708,L,300.1,309.3,1509,47.5,76,0
1746,M_70112,H,297.9,310.4,1303,43.5,127,0
1747,M_36589,L,299.7,309.3,1633,32.2,36,0
1748,M_40015,M,299.6,308.8,1356,31.3,29,0
1749,M_39009,M,299.9,310.5,1674,31.2,168,0
1750,M_93309,H,301.0,311.5,1360,45.5,172,0
1751,M_72046,L,301.4,310.6,1646,36.1,228,1
1752,M_36143,L,299.0,311.8,1375,39.7,46,0
1753,M_16154,L,302.0,311.4,1407,44.2,134,0
1754,M_31804,L,302.3,309.5,1499,31.6,141,0
1755,M_51688,L,300.6,310.6,1372,35.0,47,0
1756,M_74288,L,301.3,309.9,1368,43.2,133,0
1757,M_61195,L,302.0,311.1,1374,37.1,33,0
1758,M_30581,M,297.8,309.9,1547,38.0,207,0
1759,M_62648,L,302.1,309.2,1499,29.7,242,1
1760,M_40087,L,298.4,311.4,1507,38.2,100,0
1761,M_59930,L,298.6,310.3,1451,56.5,227,1
1762,M_42981,M,300.4,309.3,1582,35.5,45,0
1763,M_79298,H,295.7,309.5,1657,28.5,186,0
1764,M_56167,M,300.4,309.3,1586,49.6,69,0
1765,M_85304,M,302.0,309.0,1468,45.2,135,0
1766,M_53408,L,296.7,309.5,1316,42.1,23,0
1767,M_49499,M,302.2,310.4,1203,26.8,66,0
1768,M_62269,L,298.6,310.1,1490,28.2,3,0
1769,M_48559,L,300.4,309.6,1201,24.6,223,0
1770,M_84319,M,298.9,311.5,1470,44.3,0,0
1771,M_58787,H,301.1,308.0,1710,50.2,33,0
1772,M_45488,L,302.0,310.3,1326,44.7,108,0
1773,M_84441,M,301.3,309.9,1307,59.5,8,0
1774,M_84663,M,300.0,309.0,1595,35.6,62,0
1775,M_32431,L,299.0,310.4,1079,36.8,203,0
1776,M_71681,L,299.9,309.8,1557,41.1,9,0
1777,M_73483,L,301.3,311.2,1720,37.7,137,0
1778,M_59153,L,301.4,310.9,1369,45.0,177,0
1779,M_16368,L,301.1,311.9,1343,33.6,43,0
1780,M_37424,L,297.4,309.5,1588,26.1,117,0
1781,M_55004,L,300.0,311.4,1324,22.1,175,0
1782,M_93869,M,298.7,308.8,1621,44.8,214,0
1783,M_98652,M,301.3,309.9,1336,34.7,5,0
1784,M_66985,H,298.5,309.5,1765,28.3,215,0
1785,M_60069,L,300.9,310.6,1599,33.8,120,0
1786,M_62326,M,299.4,310.6,1505,59.5,151,0
1787,M_91061,H,296.2,309.1,1756,28.9,212,0
1788,M_33398,M,301.9,310.7,1654,47.3,247,1
1789,M_60861,L,299.9,309.6,1555,44.2,233,1
1790,M_85897,M,302.6,309.2,1220,53.4,94,0
1791,M_91905,L,296.7,310.0,1394,38.8,110,0
1792,M_78577,L,299.4,308.5,1662,24.4,185,0
1793,M_75641,M,299.6,310.9,1304,49.9,104,0
1794,M_19078,M,300.5,309.9,1385,37.5,63,0
1795,M_35003,L,297.3,310.0,1346,52.7,221,0
1796,M_72768,H,301.1,309.9,1560,48.2,183,0
1797,M_61047,M,303.8,311.6,1644,50.0,225,1
1798,M_81626,L,300.9,311.5,1644,63.7,209,0
1799,M_67660,H,300.2,311.4,1372,42.8,139,0
1800,M_59786,L,297.2,309.9,1558,54.4,162,0
1801,M_11925,H,298.5,308.9,1365,36.0,70,0
1802,M_93976,M,299.9,310.0,1468,45.4,232,1
1803,M_36015,L,298.9,310.3,1578,35.0,103,0
1804,M_43320,M,302.1,310.8,1659,44.8,88,0
1805,M_74881,M,301.1,310.3,1177,43.7,5,0
1806,M_36289,M,305.4,309.0,1514,19.4,192,0
1807,M_13389,H,298.0,309.5,1711,33.9,109,0
1808,M_35683,M,300.1,309.4,1534,42.3,207,0
1809,M_23629,M,297.2,310.5,1512,17.4,187,0
1810,M_71550,H,295.6,310.6,1415,39.0,111,0
1811,M_34826,M,301.4,310.7,1707,50.1,195,0
1812,M_36630,L,301.0,310.3,1422,53.0,156,0
1813,M_56163,H,298.3,307.9,1484,32.2,165,0
1814,M_76435,L,300.2,308.3,1429,53.6,238,1
1815,M_21653,M,298.7,309.9,1516,52.1,219,0
1816,M_37961,H,299.0,310.1,1713,18.5,149,0
1817,M_91941,M,299.4,311.3,1364,41.2,126,0
1818,M_84137,M,298.2,310.1,1516,42.3,135,0
1819,M_43662,M,298.6,309.0,1558,55.2,62,0
1820,M_66446,L,298.6,310.7,1378,42.9,223,0
1821,M_31288,H,300.8,310.0,1491,53.9,224,1
1822,M_46877,L,294.5,309.6,1777,32.2,140,0
1823,M_25313,L,299.5,308.4,1234,24.0,154,0
1824,M_90885,L,297.8,310.1,1436,33.5,145,0
1825,M_82715,M,297.9,310.2,1537,55.8,17,0
1826,M_20326,M,298.9,309.0,1443,49.3,76,0
1827,M_11560,H,300.0,310.7,1932,63.2,213,0
1828,M_89148,L,299.6,310.7,1582,25.6,189,0
1829,M_93186,L,297.9,310.0,1343,50.4,141,0
1830,M_36745,L,301.4,310.0,1149,47.5,138,0
1831,M_41890,L,298.2,310.9,1551,37.1,102,0
1832,M_30022,M,298.5,310.4,1386,47.8,241,1
1833,M_62579,L,300.6,309.3,1693,41.4,116,0
1834,M_80316,L,300.6,309.8,1458,44.6,213,0
1835,M_93847,L,298.8,310.6,1414,46.8,227,1
1836,M_38380,L,294.1,308.0,1412,49.8,16,0
1837,M_12356,L,298.2,309.1,1647,40.9,178,0
1838,M_80326,L,300.3,310.7,1562,57.8,223,0
1839,M_99899,M,301.4,311.2,1763,37.8,13,0
1840,M_30049,H,299.8,311.0,1467,58.8,233,1
1841,M_85717,M,299.0,310.9,1629,28.7,56,0
1842,M_26082,H,304.6,310.1,1631,30.1,92,0
1843,M_10661,L,299.3,309.0,1601,30.7,133,0
1844,M_47412,M,301.2,309.8,1423,49.6,113,0
1845,M_12920,H,297.3,308.0,1571,31.9,184,0
1846,M_70315,L,297.8,311.3,1485,54.9,131,0
1847,M_89561,H,301.3,309.2,1481,34.7,138,0
1848,M_18946,L,302.1,309.5,1379,44.0,108,0
1849,M_55500,L,299.2,311.1,1181,46.4,231,1
1850,M_26309,L,296.3,308.4,1687,29.8,201,0
1851,M_65230,M,299.7,308.8,1564,26.1,118,0
1852,M_40027,M,300.4,310.3,1298,42.8,91,0
1853,M_82541,M,300.2,310.5,1607,37.2,10,0
1854,M_69321,L,298.9,309.9,1690,45.0,98,0
1855,M_10956,L,299.7,310.0,1616,26.5,206,0
1856,M_84131,L,298.5,311.3,1366,36.4,7,0
1857,M_57908,L,297.8,310.6,1390,38.2,211,0
1858,M_88339,H,301.5,310.5,1417,15.6,113,0
1859,M_35963,L,300.2,310.8,1629,50.0,186,0
1860,M_49443,H,299.7,309.7,1571,32.4,148,0
1861,M_49063,H,299.0,312.2,1918,55.0,64,0
1862,M_90818,L,299.6,307.7,1253,33.1,92,0
1863,M_14703,M,300.3,311.5,1492,34.8,151,0
1864,M_75128,L,303.5,310.9,1210,27.6,157,0
1865,M_82099,L,301.3,310.2,1589,51.5,103,0
1866,M_35849,L,298.7,310.1,1660,44.5,98,0
1867,M_41860,M,298.7,309.8,1716,54.0,224,0
1868,M_41585,L,298.4,311.1,1528,37.9,83,0
1869,M_32015,M,299.6,310.0,1213,39.6,184,0
1870,M_87539,M,298.4,309.3,1492,23.2,207,0
1871,M_53585,L,300.9,310.9,1565,33.8,72,0
1872,M_36958,M,294.7,311.6,1349,41.7,222,0
1873,M_36017,M,301.1,308.1,1460,43.9,144,0
1874,M_86707,L,300.6,312.4,1308,58.2,58,0
1875,M_55350,L,302.5,309.0,1408,21.5,30,0
1876,M_22201,M,301.8,309.0,1636,42.3,63,0
1877,M_39426,L,298.6,308.8,1602,36.2,47,0
1878,M_27778,M,301.5,310.0,1290,40.8,22,0
1879,M_55241,L,299.7,308.7,1394,41.0,197,0
1880,M_52229,L,296.1,308.8,1508,38.1,157,0
1881,M_96652,L,300.3,309.3,1533,28.7,54,0
1882,M_58364,L,298.8,310.1,1400,26.8,6,0
1883,M_94878,M,300.0,310.2,1571,37.4,247,1
1884,M_67056,L,303.3,311.2,1494,25.8,111,0
1885,M_37490,M,300.4,311.2,1113,38.9,231,1
1886,M_29975,H,298.0,311.0,1414,37.5,105,0
1887,M_36723,M,301.9,309.7,1409,15.5,237,1
1888,M_33279,M,300.7,308.2,1601,59.3,202,0
1889,M_88301,L,297.7,308.1,1604,40.8,97,0
1890,M_21561,L,296.8,311.0,1249,15.6,11,0
1891,M_76061,M,298.0,310.8,1565,42.5,59,0
1892,M_98397,L,301.7,309.4,1488,38.0,243,1
1893,M_59153,M,299.4,308.6,1518,26.8,51,0
1894,M_43142,L,300.2,309.0,1407,43.1,236,1
1895,M_36916,M,297.3,310.2,1490,30.6,238,1
1896,M_74324,H,301.7,310.2,1672,41.9,154,0
1897,M_54965,H,296.0,311.0,1516,33.0,249,1
1898,M_14648,M,298.7,309.5,1493,30.9,139,0
1899,M_45133,M,300.8,309.8,1428,39.8,140,0
1900,M_60677,M,297.8,311.1,1657,23.8,71,0
1901,M_80135,M,301.2,307.9,1307,39.2,207,0
1902,M_45046,L,298.3,310.3,1379,46.6,189,0
1903,M_57064,L,297.5,309.7,1299,52.7,124,0
1904,M_79350,L,302.6,310.7,1530,50.9,156,0
1905,M_55893,H,300.3,310.5,1676,53.5,162,0
1906,M_71272,L,301.0,309.3,1450,35.5,59,0
1907,M_77649,M,302.0,309.5,1339,29.8,156,0
1908,M_74674,M,294.8,307.7,1745,48.2,30,0
1909,M_23760,M,301.3,310.7,1567,34.8,76,0
1910,M_31927,M,298.5,310.2,1541,40.1,75,0
1911,M_96475,L,298.7,311.4,1471,47.5,242,1
1912,M_71367,M,300.9,309.6,1600,60.2,60,0
1913,M_22588,H,299.3,310.9,1539,45.3,1,0
1914,M_62233,L,301.2,308.9,1427,42.1,160,0
1915,M_54738,L,299.9,307.3,1452,28.8,199,0
1916,M_43397,M,300.3,309.9,1347,51.7,189,0
1917,M_92189,H,299.0,309.4,1328,44.1,232,1
1918,M_86367,L,297.9,308.9,1455,36.5,120,0
1919,M_81260,M,298.5,310.9,1673,35.5,58,0
1920,M_86619,H,299.8,311.2,1344,35.9,39,0
1921,M_29816,L,303.7,310.1,1625,40.4,244,1
1922,M_52240,H,302.9,309.8,1380,25.4,176,0
1923,M_16276,M,298.7,310.1,1232,52.2,232,1
1924,M_89530,M,300.1,309.3,1581,50.3,31,0
1925,M_33499,M,299.4,310.6,1744,38.3,37,0
1926,M_98576,L,300.3,308.5,1371,36.0,91,0
1927,M_92495,L,300.5,308.9,1264,39.8,206,0
1928,M_81635,L,301.1,309.2,1568,41.5,214,0
1929,M_95112,L,294.2,310.5,1361,37.0,87,0
1930,M_45946,L,300.7,309.7,1580,50.0,140,0
1931,M_65204,H,299.2,311.4,1672,25.8,84,0
1932,M_61886,H,298.6,310.8,1549,32.9,181,0
1933,M_81652,M,301.6,309.2,1621,47.8,75,0
1934,M_25563,H,302.9,310.6,1622,43.2,127,0
1935,M_19847,M,301.4,309.6,1648,33.2,12,0
1936,M_36155,L,299.0,310.5,1506,44.0,38,0
1937,M_89671,L,297.8,310.9,1616,32.1,22,0
1938,M_93310,M,294.0,311.1,1524,36.9,241,1
1939,M_77278,M,300.4,310.2,1558,50.4,109,0
1940,M_28309,L,301.2,311.6,1957,49.3,106,0
1941,M_10619,M,299.8,310.4,1536,42.9,91,0
1942,M_93194,L,301.9,310.1,1275,29.5,141,0
1943,M_60108,M,297.4,309.7,1470,36.2,144,0
1944,M_44707,H,299.7,309.4,1453,41.0,23,0
1945,M_30337,M,299.5,310.4,1460,54.6,244,1
1946,M_91537,H,299.8,310.1,1643,22.2,185,0
1947,M_76504,H,302.3,310.3,1669,31.3,190,0
1948,M_57614,H,299.8,310.5,1484,51.3,33,0
1949,M_10281,H,299.4,310.3,1291,53.6,178,0
1950,M_37420,H,298.1,312.0,1514,39.3,111,0
1951,M_90896,M,302.7,309.5,1418,55.4,213,0
1952,M_49030,L,297.1,310.4,1531,32.7,137,0
1953,M_11058,L,298.9,309.8,1481,24.9,117,0
1954,M_96213,M,303.4,307.5,1682,47.9,199,0
1955,M_86260,L,300.9,309.8,1541,52.9,148,0
1956,M_38404,L,300.0,309.1,1418,52.8,164,0
1957,M_39856,H,300.0,309.9,1292,31.4,6,0
1958,M_19200,H,298.1,310.0,1492,42.0,89,0
1959,M_74178,H,299.9,310.4,1493,48.4,12,0
1960,M_43997,L,299.3,309.5,1460,43.0,79,0
1961,M_35611,L,300.4,309.6,1616,54.5,29,0
1962,M_51235,L,297.0,310.7,1292,35.9,158,0
1963,M_45057,L,300.8,309.2,1385,39.3,132,0
1964,M_11239,L,302.0,308.2,1507,42.4,159,0
1965,M_75661,L,299.6,310.2,1416,48.3,15,0
1966,M_55272,H,301.3,311.1,1446,38.1,238,1
1967,M_99393,M,300.6,310.7,1490,49.3,200,0
1968,M_71212,L,298.8,310.2,1602,56.0,149,0
1969,M_25398,L,297.9,311.3,1484,34.8,191,0
1970,M_66503,M,298.2,311.1,1204,38.4,246,1
1971,M_16638,L,300.6,309.7,1409,49.7,171,0
1972,M_16570,H,299.9,310.2,1574,59.3,39,0
1973,M_78785,L,302.6,310.3,1614,46.4,236,1
1974,M_19110,L,301.6,309.9,1622,32.1,36,0
1975,M_89141,L,301.6,311.1,1665,42.0,77,0
1976,M_22115,L,300.5,309.8,1517,49.6,15,0
1977,M_49062,M,298.1,309.5,1539,31.9,42,0
1978,M_32911,M,300.7,307.4,1347,29.2,211,0
1979,M_42556,M,300.1,309.2,1173,36.6,62,0
1980,M_88131,L,297.7,308.7,1287,46.6,235,1
1981,M_11969,M,302.4,310.0,1394,26.3,14,0
1982,M_53753,M,302.2,308.7,1296,33.1,247,1
1983,M_92811,H,297.7,310.6,1456,42.7,171,0
1984,M_14470,L,298.7,311.1,1430,50.9,217,0
1985,M_20225,L,298.9,310.0,1640,42.9,136,0
1986,M_33196,M,301.2,309.0,1354,43.7,64,0
1987,M_23669,M,301.0,310.3,1521,50.0,226,1
1988,M_47380,L,300.1,311.9,1437,56.0,43,0
1989,M_58320,L,300.5,311.6,1349,54.9,19,0
1990,M_57414,L,297.4,308.6,1390,19.6,236,1
1991,M_25577,H,300.8,308.6,1192,41.0,118,0
1992,M_98009,L,299.8,308.3,1612,49.1,197,0
1993,M_65409,H,298.6,308.9,1710,57.0,233,1
1994,M_38625,M,296.9,310.3,1459,46.4,201,0
1995,M_91040,H,300.1,309.4,1504,31.4,111,0
1996,M_34089,H,300.7,309.2,1455,32.7,122,0
1997,M_46487,L,296.6,311.0,1376,33.0,160,0
1998,M_75838,H,300.0,310.5,1605,43.1,79,0
1999,M_60138,L,300.2,308.3,1547,35.2,99,0
2000,M_52823,H,298.9,311.0,1063,9.6,5,0
